features;model;target;cv;fit_time;score_time;test_accuracy;train_accuracy;test_precision;train_precision;test_recall;train_recall;test_roc_auc;train_roc_auc;test_balanced_accuracy;train_balanced_accuracy;fold
abcd;gsrf;CPC.12.bin;kfold;(32.26177269935609, 32.13130266451686, 32.392242734195314);(0.08182140350341792, 0.07301910913633568, 0.09062369787050016);(0.5890909090909091, 0.5761568800054272, 0.602024938176391);(0.6556891766882517, 0.645220615022402, 0.6661577383541013);(0.5380079365079365, 0.4498976679343787, 0.6261182050814944);(0.631642963261762, 0.5902886187478941, 0.6729973077756298);(0.466, 0.3966271803426096, 0.5353728196573905);(0.5667836257309942, 0.512472828846339, 0.6210944226156493);(0.6797857142857142, 0.6690782299868403, 0.6904931985845881);(0.6900428153717627, 0.6875232410612704, 0.692562389682255);(0.573, 0.5533650663321851, 0.5926349336678148);(0.6398203842940685, 0.6364154580187452, 0.6432253105693918);(2.0, nan, nan)
abcd;gsrf;CPC.3.bin;kfold;(32.65683903217315, 32.337178492505835, 32.97649957184047);(0.08424433231353755, 0.07316465311318178, 0.09532401151389332);(0.5165151515151516, 0.4456827835439344, 0.5873475194863688);(0.635763182238668, 0.6095163718376342, 0.6620099926397018);(0.08576190476190475, 0.039783794161981426, 0.13174001536182806);(0.3425428179464983, 0.31737138341866, 0.36771425247433664);(0.18333333333333332, 0.11113831367955361, 0.255528352987113);(0.46484848484848484, 0.39638248396003095, 0.5333144857369387);(0.37800925925925916, 0.3061185209198566, 0.4498999975986617);(0.6069336219336219, 0.5983527236655177, 0.615514520201726);(0.40458333333333324, 0.35203865385829125, 0.45712801280837523);(0.5772496392496393, 0.5680306513803056, 0.5864686271189731);(2.0, nan, nan)
abcd;gsrf;GOS-E.12.bin;kfold;(31.994234585762023, 31.88670732146136, 32.10176185006269);(0.0730154180526733, 0.06750178778335982, 0.07852904832198677);(0.6713636363636363, 0.6691689585821773, 0.6735583141450953);(0.672349676225717, 0.6722156810975243, 0.6724836713539096);(0.6753571428571429, 0.6654510613539122, 0.6852632243603736);(0.6672597936074698, 0.6667427633441585, 0.6677768238707811);(0.7333333333333334, 0.7333333333333333, 0.7333333333333335);(0.7333333333333334, 0.7333333333333333, 0.7333333333333335);(0.6843888888888889, 0.675221473749582, 0.6935563040281959);(0.6944219367588933, 0.6910335706918029, 0.6978103028259837);(0.6673333333333333, 0.6636392461555349, 0.6710274205111317);(0.6700658761528328, 0.6698468591264811, 0.6702848931791844);(2.0, nan, nan)
abcd;gsrf;GOS-E.3.bin;kfold;(31.930212893486022, 31.847798738833852, 32.01262704813819);(0.08639768600463864, 0.07589361319438032, 0.09690175881489696);(0.5356060606060605, 0.504458428046017, 0.566753693166104);(0.60472710453284, 0.5967597157368475, 0.6126944933288324);(0.25441269841269837, 0.18881798625260476, 0.320007410572792);(0.5252786477612564, 0.5097802962905663, 0.5407769992319466);(0.23400000000000004, 0.17675157994726234, 0.29124842005273777);(0.3582352941176471, 0.3154182072696584, 0.4010523809656358);(0.4447857142857143, 0.4100108426589607, 0.47956058591246786);(0.5817773833671401, 0.5776962832992198, 0.5858584834350604);(0.47539285714285723, 0.44587545829328956, 0.5049102559924249);(0.5574920312952767, 0.5538218613094192, 0.5611622012811341);(2.0, nan, nan)
abcd;gsrf;combined.outcome.12;kfold;(42.32934797763824, 41.8646625550759, 42.79403340020058);(0.1359286785125732, 0.121306414506409, 0.1505509425187374);(0.6736363636363636, 0.6454408187242866, 0.7018319085484406);(0.7086401480111009, 0.7040118368555368, 0.7132684591666649);(0.5634920634920635, 0.45989895417474536, 0.6670851728093816);(0.7726058201058201, 0.743304075387543, 0.8019075648240973);(0.258, 0.24189784730334754, 0.27410215269665245);(0.31757352941176464, 0.280753312953462, 0.3543937458700673);(0.6594285714285715, 0.6495548266935603, 0.6693023161635826);(0.6727823698444896, 0.6707207096538469, 0.6748440300351323);(0.5843571428571429, 0.5629465773491259, 0.6057677083651599);(0.6240166497633537, 0.618495158436372, 0.6295381410903353);(2.0, nan, nan)
abcd;gsrf;combined.outcome.3;kfold;(41.90450273513794, 40.99982574779836, 42.809179722477516);(0.12263192653656001, 0.10085548356483992, 0.1444083695082801);(0.5103030303030303, 0.44194387762339715, 0.5786621829826634);(0.6400370027752083, 0.6146046267704468, 0.6654693787799697);(0.07512842712842713, 0.032318885073510606, 0.11793796918334365);(0.35683255140144915, 0.3374598775111066, 0.3762052252917917);(0.17, 0.09015902206089511, 0.24984097793910492);(0.45575757575757575, 0.39144405909074464, 0.5200710924244069);(0.3965277777777777, 0.33107854438697637, 0.46197701116857903);(0.6051630591630592, 0.5954947515308143, 0.6148313667953041);(0.39638888888888885, 0.34686124725451245, 0.44591653052326524);(0.5768867243867244, 0.5691567621901191, 0.5846166865833297);(2.0, nan, nan)
abcd;gsrf;mRS.12.bin;kfold;(31.568146171569822, 31.527135203983402, 31.609157139156242);(0.08413799285888668, 0.07636974419356252, 0.09190624152421084);(0.6436363636363637, 0.6136783588848193, 0.6735943683879081);(0.6845328399629973, 0.6775039783115963, 0.6915617016143983);(0.5636666666666666, 0.4587081158142463, 0.668625217519087);(0.736587244961158, 0.6932358342006786, 0.7799386557216375);(0.28800000000000003, 0.2582555244624575, 0.3177444755375426);(0.3645751633986928, 0.30825235037763316, 0.4208979764197524);(0.6777857142857142, 0.6676464474223484, 0.6879249811490801);(0.6804984465050388, 0.6783938286688463, 0.6826030643412312);(0.5750714285714286, 0.5560249981172342, 0.594117859025623);(0.6222136900737306, 0.615315770858817, 0.6291116092886443);(2.0, nan, nan)
abcd;gsrf;mRS.3.bin;kfold;(32.14925322532654, 32.019605385531925, 32.278901065121154);(0.07475939273834226, 0.06898725279783932, 0.08053153267884519);(0.5136363636363637, 0.5053818244159884, 0.5218909028567389);(0.5771785383903792, 0.5628195933547193, 0.5915374834260392);(0.2472380952380952, 0.2136495292539337, 0.2808266612222567);(0.35280003286092604, 0.32903598578618054, 0.37656407993567154);(0.45, 0.3886889508858241, 0.5113110491141759);(0.6052564102564102, 0.5693478762579851, 0.6411649442548353);(0.495, 0.4649164427588455, 0.5250835572411545);(0.6002187028657617, 0.597102514705486, 0.6033348910260374);(0.4916666666666667, 0.47351489636786, 0.5098184369654735);(0.5858991498697381, 0.5828418200947239, 0.5889564796447524);(2.0, nan, nan)
abcd;gssvm;CPC.12.bin;kfold;(0.4890919017791748, 0.45991831245663367, 0.5182654911017159);(0.02713834762573238, 0.025463351324285375, 0.028813343927179384);(0.6593939393939393, 0.6384029420842209, 0.6803849367036577);(0.6733302497687327, 0.6720285931080546, 0.6746319064294107);(0.6904761904761905, 0.5830420629097849, 0.797910318042596);(0.7506336996336996, 0.7441808831791816, 0.7570865160882176);(0.266, 0.26099818231624883, 0.2710018176837512);(0.2849707602339181, 0.24897642779236318, 0.320965092675473);(0.6912142857142858, 0.6838605488275945, 0.6985680226009771);(0.6860829156223892, 0.6856649037209641, 0.6865009275238143);(0.593, 0.5763469669479201, 0.6096530330520799);(0.6067710944026734, 0.5995375508536508, 0.614004637951696);(2.0, nan, nan)
abcd;gssvm;CPC.3.bin;kfold;(0.33653332233428956, 0.33505116119787126, 0.33801548347070787);(0.018584475517272905, 0.01844733362793507, 0.01872161740661074);(0.7463636363636363, 0.7175725452014783, 0.7751547275257944);(0.7488621646623497, 0.7267219030695655, 0.7710024262551338);(0.0036363636363636364, -0.004589662409967241, 0.011862389682694513);(0.005106382978723404, -0.006445057852294425, 0.016657823809741235);(0.02, -0.025243143254819824, 0.06524314325481982);(0.02, -0.025243143254819824, 0.06524314325481982);(0.4340277777777778, 0.3903028115880286, 0.477752743967527);(0.5566825396825397, 0.5487019916188157, 0.5646630877462636);(0.5, nan, nan);(0.5, nan, nan);(2.0, nan, nan)
abcd;gssvm;GOS-E.12.bin;kfold;(0.31886610031127927, 0.3184040514470571, 0.31932814917550145);(0.01808297634124751, 0.017985874889031177, 0.018180077793463843);(0.6165151515151515, 0.5902701249957562, 0.6427601780345468);(0.6528862164662349, 0.6424798880456732, 0.6632925448867966);(0.6307380952380951, 0.5655340806466538, 0.6959421098295364);(0.6879597164177376, 0.6779597523369877, 0.6979596804984874);(0.5799999999999998, 0.509621777159169, 0.6503782228408307);(0.625, 0.571977491526822, 0.678022508473178);(0.6895, 0.6848636167131396, 0.6941363832868604);(0.689306653491436, 0.6890247887041991, 0.689588518278673);(0.6153333333333333, 0.5889906187273298, 0.6416760479393367);(0.6540810276679843, 0.6453872053320661, 0.6627748500039025);(2.0, nan, nan)
abcd;gssvm;GOS-E.3.bin;kfold;(0.3118518590927124, 0.31129748038061106, 0.31240623780481375);(0.017563786506652773, 0.017507424783215726, 0.01762014823008982);(0.5093939393939394, 0.4727703270083559, 0.5460175517795229);(0.5215911193339501, 0.503965867714876, 0.5392163709530242);(0.257, 0.20452303405285044, 0.3094769659471496);(0.4101180124223601, 0.36802199766942, 0.45221402717530024);(0.425, 0.3591552059801314, 0.4908447940198686);(0.49993464052287584, 0.42916569420143796, 0.5707035868443138);(0.4434107142857142, 0.4077856754517601, 0.47903575311966834);(0.5196177034032005, 0.5118168315740579, 0.527418575232343);(0.47696428571428573, 0.452227461271146, 0.5017011101574255);(0.5216052512959207, 0.5177554737509285, 0.525455028840913);(2.0, nan, nan)
abcd;gssvm;combined.outcome.12;kfold;(0.331511926651001, 0.3304115447416421, 0.3326123085603599);(0.018369975090026813, 0.018275638716375817, 0.01846431146367781);(0.686969696969697, 0.6569925268986624, 0.7169468670407316);(0.6947271045328399, 0.6763812539285619, 0.713072955137118);(0.5966666666666666, 0.5129627003086275, 0.6803706330247057);(0.7372111801242236, 0.7179847121543066, 0.7564376480941406);(0.30699999999999994, 0.27162377066337434, 0.34237622933662554);(0.31639705882352936, 0.26990512129138483, 0.3628889963556739);(0.6689821428571429, 0.6589082943977831, 0.6790559913165026);(0.6704334854631508, 0.6698243993005396, 0.6710425716257621);(0.6065357142857144, 0.5933931893209279, 0.6196782392505009);(0.6125548512508452, 0.6076974792220742, 0.6174122232796162);(2.0, nan, nan)
abcd;gssvm;combined.outcome.3;kfold;(0.4667588520050049, 0.46511890074621515, 0.4683988032637946);(0.026591796874999952, 0.02646036148122613, 0.026723232268773774);(0.7463636363636363, 0.7175725452014783, 0.7751547275257944);(0.7488621646623497, 0.7267219030695655, 0.7710024262551338);(0.0036363636363636364, -0.004589662409967241, 0.011862389682694513);(0.005106382978723404, -0.006445057852294425, 0.016657823809741235);(0.02, -0.025243143254819824, 0.06524314325481982);(0.02, -0.025243143254819824, 0.06524314325481982);(0.4340277777777778, 0.3903028115880286, 0.477752743967527);(0.5566825396825397, 0.5487019916188157, 0.5646630877462636);(0.5, nan, nan);(0.5, nan, nan);(2.0, nan, nan)
abcd;gssvm;mRS.12.bin;kfold;(0.3090557861328125, 0.3085324907316657, 0.30957908153395924);(0.017418813705444285, 0.017385986379250845, 0.017451641031637724);(0.6907575757575757, 0.6889547354581861, 0.6925604160569653);(0.6897224791859389, 0.689612407530287, 0.6898325508415908);(0.6333333333333334, 0.5677890648165003, 0.6988776018501666);(0.7488571428571429, 0.7454994783559218, 0.752214807358364);(0.274, 0.2679675808993574, 0.28003241910064264);(0.27281045751633987, 0.27241618175812793, 0.2732047332745518);(0.6836964285714285, 0.6763057392053384, 0.6910871179375186);(0.6783699169322902, 0.677889594978367, 0.6788502388862134);(0.6093214285714286, 0.6062309916271084, 0.6124118655157488);(0.6086342927975787, 0.6084317606885796, 0.6088368249065779);(2.0, nan, nan)
abcd;gssvm;mRS.3.bin;kfold;(0.30624364376068114, 0.3056169081352482, 0.30687037938611406);(0.01731477260589595, 0.01722265742005258, 0.017406887791739323);(0.7059090909090909, 0.6954697083148157, 0.7163484735033662);(0.7193617021276596, 0.7148545254180304, 0.7238688788372888);(0.01666666666666667, -0.009089125634966437, 0.04242245896829978);(0.09395238095238094, 0.05271627741362979, 0.13518848449113208);(0.013333333333333332, -0.006774730335475477, 0.033441397002142145);(0.04769230769230768, 0.0260202136665581, 0.06936440171805726);(0.5710185185185186, 0.5278554854445651, 0.6141815515924721);(0.5912158919511861, 0.5900450840926487, 0.5923866998097235);(0.4922222222222222, 0.48095029185077326, 0.5034941525936713);(0.511118881118881, 0.5063613608368244, 0.5158764014009377);(2.0, nan, nan)
model;gsrf;CPC.12.bin;kfold;(66.99480775833129, 64.00908894840828, 69.9805265682543);(0.15234863281249994, 0.1329374786406592, 0.1717597869843407);(0.5742424242424242, 0.5527160066766171, 0.5957688418082313);(0.7659666975023127, 0.7482412899531641, 0.7836921050514614);(0.42846031746031754, 0.3270050497943552, 0.5299155851262799);(0.798252853247469, 0.7788604330515714, 0.8176452734433666);(0.28200000000000003, 0.24968993305633932, 0.3143100669436607);(0.553391812865497, 0.49508644446669003, 0.611697181264304);(0.5945714285714285, 0.5556152985841925, 0.6335275585586646);(0.8711288638262322, 0.8591515161248786, 0.8831062115275858);(0.5238571428571429, 0.5022131075875503, 0.5455011781267355);(0.7295530492898914, 0.7055103294026238, 0.753595769177159);(2.0, nan, nan)
model;gsrf;CPC.3.bin;kfold;(78.85192484378814, 68.58776132858377, 89.11608835899251);(0.16344340801239007, 0.13474191074299752, 0.19214490528178263);(0.5565151515151514, 0.5366470825899767, 0.5763832204403261);(0.68890841813136, 0.6709573734806428, 0.7068594627820771);(0.2619206349206349, 0.20748785919768228, 0.31635341064358746);(0.43888497981132246, 0.4216840699851642, 0.4560858896374807);(0.5333333333333333, 0.4366367514818139, 0.6300299151848527);(0.9054545454545455, 0.8850923230096408, 0.9258167678994502);(0.6448148148148148, 0.6137416120928588, 0.6758880175367709);(0.8198939393939394, 0.7935930558592137, 0.8461948229286651);(0.5511111111111111, 0.5066416292962624, 0.5955805929259598);(0.7626320346320347, 0.749061670268734, 0.7762023989953353);(2.0, nan, nan)
model;gsrf;GOS-E.12.bin;kfold;(71.5846663713455, 66.04350854495135, 77.12582419773966);(0.1663994026184082, 0.13899389750609506, 0.19380490773072132);(0.4698484848484849, 0.4403663566497006, 0.4993306130472692);(0.6519703977798335, 0.6281440849881083, 0.6757967105715587);(0.5349523809523811, 0.466123316147467, 0.6037814457572951);(0.7651350636931805, 0.7485319714837265, 0.7817381559026345);(0.31666666666666665, 0.29091087436503354, 0.34242245896829976);(0.48666666666666664, 0.4356789945375444, 0.5376543387957888);(0.4947222222222223, 0.45741205367208315, 0.5320323907723614);(0.7579117259552042, 0.7391001469139306, 0.7767233049964778);(0.47333333333333333, 0.44151982824942654, 0.5051468384172401);(0.6579380764163373, 0.6349659684006025, 0.6809101844320721);(2.0, nan, nan)
model;gsrf;GOS-E.3.bin;kfold;(77.33316353321075, 68.4477433931923, 86.2185836732292);(0.16105259895324703, 0.14007469727887256, 0.1820305006276215);(0.5036363636363637, 0.4685884939117141, 0.5386842333610132);(0.6923219241443108, 0.6732101531016005, 0.7114336951870212);(0.4020079365079365, 0.35387462667195635, 0.4501412463439166);(0.581948998429937, 0.5587788653225741, 0.6051191315372998);(0.5450000000000002, 0.4934976147154256, 0.5965023852845747);(0.7718954248366012, 0.7505956371671527, 0.7931952125060497);(0.5024375, 0.4656311971327516, 0.5392438028672484);(0.8043123571267587, 0.7891720121968921, 0.8194527020566253);(0.5141071428571429, 0.47746427025675203, 0.5507500154575337);(0.7077826877877589, 0.6912873183072855, 0.7242780572682322);(2.0, nan, nan)
model;gsrf;combined.outcome.12;kfold;(78.78018788814543, 69.39630050660335, 88.16407526968752);(0.18417649269104, 0.16299906533090347, 0.20535392005117653);(0.6125757575757576, 0.5921504895850429, 0.6330010255664722);(0.7591211840888066, 0.7429238072615766, 0.7753185609160366);(0.4293333333333333, 0.3467784663478714, 0.5118882003187951);(0.7644650627150628, 0.7417789771349389, 0.7871511482951866);(0.23200000000000004, 0.20322719470260317, 0.2607728052973969);(0.48375, 0.43650091262196855, 0.5309990873780315);(0.5435535714285714, 0.49549189988316567, 0.5916152429739772);(0.8563676048005409, 0.8416165742703782, 0.8711186353307036);(0.5308214285714286, 0.5135972894008838, 0.5480455677419733);(0.6995991379310345, 0.6768679682085699, 0.722330307653499);(2.0, nan, nan)
model;gsrf;combined.outcome.3;kfold;(69.78896736621857, 66.17750287661671, 73.40043185582043);(0.15418545246124263, 0.13566637534961554, 0.17270452957286972);(0.5496969696969698, 0.5268252000786285, 0.572568739315311);(0.690536540240518, 0.6702448601383059, 0.7108282203427302);(0.25967460317460317, 0.19410288576516366, 0.3252463205840427);(0.4401533594113619, 0.4200877638225195, 0.4602189550002043);(0.5, 0.3805091957388794, 0.6194908042611206);(0.889090909090909, 0.8733359540486806, 0.9048458641331375);(0.6509722222222223, 0.6135155984474827, 0.6884288459969619);(0.8109610389610389, 0.7858328870905865, 0.8360891908314912);(0.5348611111111111, 0.47902850033826766, 0.5906937218839545);(0.7580930735930737, 0.7434216747000912, 0.7727644724860561);(2.0, nan, nan)
model;gsrf;mRS.12.bin;kfold;(71.16048634529115, 66.84852954134944, 75.47244314923286);(0.1388802814483642, 0.12076943164380444, 0.15699113125292397);(0.5953030303030304, 0.5710267774851734, 0.6195792831208875);(0.7309990749306198, 0.710333023355974, 0.7516651265052655);(0.3803333333333333, 0.2668048258947898, 0.4938618407718768);(0.7498486235986236, 0.7202469069264792, 0.779450340270768);(0.2, 0.17002701040802498, 0.22997298959197504);(0.43163398692810456, 0.37527047797839586, 0.48799749587781327);(0.46875, 0.4179210817588416, 0.5195789182411584);(0.8108857738497697, 0.7841587014062417, 0.8376128462932977);(0.5189285714285713, 0.4976010892143505, 0.5402560536427922);(0.6727381757300621, 0.6454944641777971, 0.6999818872823271);(2.0, nan, nan)
model;gsrf;mRS.3.bin;kfold;(79.12832842826845, 70.1928707702909, 88.063786086246);(0.17070411205291747, 0.14696493572792332, 0.1944432883779116);(0.5959090909090909, 0.5687086254558342, 0.6231095563623477);(0.7374930619796485, 0.7290595000243296, 0.7459266239349673);(0.395478354978355, 0.32333456808702754, 0.46762214186968243);(0.5337253898263187, 0.523360154286536, 0.5440906253661013);(0.5466666666666666, 0.48618558543167484, 0.6071477479016584);(0.8497435897435898, 0.8311692136291887, 0.8683179658579908);(0.6119907407407408, 0.5805163222477403, 0.6434651592337413);(0.8393293226381461, 0.8224789327599382, 0.8561797125163539);(0.5804166666666666, 0.5447980118746534, 0.6160353214586798);(0.7721534348004937, 0.7637801347618852, 0.7805267348391022);(2.0, nan, nan)
model;gssvm;CPC.12.bin;kfold;(0.33879545688629153, 0.3352290561954438, 0.3423618575771393);(0.01903038978576656, 0.018731491784615674, 0.01932928778691745);(0.5940909090909091, 0.5653804046757038, 0.6228014135061144);(0.6763089731729879, 0.6625090827081774, 0.6901088636377983);(0.4864761904761905, 0.441206708650901, 0.5317456723014801);(0.5781132482188547, 0.5626694871302443, 0.593557009307465);(0.612, 0.534087740025528, 0.689912259974472);(0.6883040935672514, 0.6651233541123712, 0.7114848330221316);(0.6747142857142857, 0.6368916705726608, 0.7125369008559106);(0.74906223893066, 0.738319378848828, 0.759805099012492);(0.5988571428571428, 0.5632957409296346, 0.6344185447846509);(0.6784377610693401, 0.6646727970242546, 0.6922027251144255);(2.0, nan, nan)
model;gssvm;CPC.3.bin;kfold;(0.3731034183502197, 0.32395452650874323, 0.4222523101916962);(0.02090202331542965, 0.01849002771690792, 0.02331401891395138);(0.7203030303030303, 0.6865916222887961, 0.7540144383172646);(0.7330804810360778, 0.7155445151575399, 0.7506164469146157);(0.08268253968253968, 0.03343291748990745, 0.1319321618751719);(0.15168466034770384, 0.09088853818290235, 0.21248078251250532);(0.13999999999999999, 0.07863745062549271, 0.20136254937450726);(0.17272727272727273, 0.10410853969833886, 0.2413460057562066);(0.7137962962962964, 0.6970732110422565, 0.7305193815503362);(0.7079942279942281, 0.7017413403666706, 0.7142471156217856);(0.52, 0.4927453679332697, 0.5472546320667303);(0.5425699855699855, 0.5278504837844847, 0.5572894873554862);(2.0, nan, nan)
model;gssvm;GOS-E.12.bin;kfold;(0.3425171232223511, 0.3302200636650244, 0.35481418277967786);(0.018854985237121535, 0.01839208865387859, 0.01931788182036448);(0.6003030303030303, 0.5714186949962581, 0.6291873656098026);(0.6387974098057354, 0.6321925063526338, 0.645402313258837);(0.6072936507936508, 0.5611625805636443, 0.6534247210236573);(0.6435824226362723, 0.6167223525697181, 0.6704424927028265);(0.6166666666666667, 0.5660832947498976, 0.6672500385834358);(0.6366666666666665, 0.6101256412199821, 0.6632076921133508);(0.6508888888888889, 0.6210289973523605, 0.6807487804254172);(0.6791864295125165, 0.6725707253794043, 0.6858021336456287);(0.5996666666666667, 0.5716898439282362, 0.6276434894050972);(0.6386100131752306, 0.6319161276176912, 0.6453038987327699);(2.0, nan, nan)
model;gssvm;GOS-E.3.bin;kfold;(0.5356747961044311, 0.504602231944147, 0.5667473602647153);(0.030206384658813423, 0.02837351554914602, 0.03203925376848083);(0.5290909090909091, 0.5057894364739416, 0.5523923817078765);(0.5340703052728955, 0.5200947558177951, 0.5480458547279958);(0.4394682539682539, 0.4201267515369472, 0.4588097563995606);(0.452015616751473, 0.44637480699090026, 0.45765642651204574);(0.7979999999999999, 0.7401980602497212, 0.8558019397502786);(0.8005228758169934, 0.7754964569384106, 0.8255492946955763);(0.5902321428571429, 0.578676652777671, 0.6017876329366147);(0.5869353488521846, 0.5822444299174617, 0.5916262677869074);(0.5743571428571429, 0.5547578484670184, 0.5939564372472674);(0.5875890241153934, 0.5804474864180063, 0.5947305618127805);(2.0, nan, nan)
model;gssvm;combined.outcome.12;kfold;(0.5511082649230956, 0.5149794246885412, 0.58723710515765);(0.030709395408630324, 0.02864540738456601, 0.03277338343269464);(0.5427272727272727, 0.4868757873575128, 0.5985787580970326);(0.6186586493987049, 0.5868022753174487, 0.650515023479961);(0.3807301587301587, 0.300509132986684, 0.46095118447363337);(0.4549875690924889, 0.40712311967758874, 0.502852018507389);(0.5650000000000001, 0.4656337470222469, 0.6643662529777532);(0.6537499999999999, 0.5948458478199148, 0.7126541521800851);(0.6349821428571428, 0.5867206617373776, 0.6832436239769081);(0.6986162947937796, 0.6834714830823656, 0.7137611065051936);(0.5539285714285714, 0.506136785200164, 0.6017203576569788);(0.6241968390804598, 0.6002309170329635, 0.648162761127956);(2.0, nan, nan)
model;gssvm;combined.outcome.3;kfold;(0.5567912101745606, 0.5207082880454058, 0.5928741323037153);(0.03189170837402339, 0.029748743337171188, 0.0340346734108756);(0.7203030303030303, 0.6865916222887961, 0.7540144383172646);(0.7330804810360778, 0.7155445151575399, 0.7506164469146157);(0.08268253968253968, 0.03343291748990745, 0.1319321618751719);(0.15168466034770384, 0.09088853818290235, 0.21248078251250532);(0.13999999999999999, 0.07863745062549271, 0.20136254937450726);(0.17272727272727273, 0.10410853969833886, 0.2413460057562066);(0.7137962962962964, 0.6970732110422565, 0.7305193815503362);(0.7079942279942281, 0.7017413403666706, 0.7142471156217856);(0.52, 0.4927453679332697, 0.5472546320667303);(0.5425699855699855, 0.5278504837844847, 0.5572894873554862);(2.0, nan, nan)
model;gssvm;mRS.12.bin;kfold;(0.5606590795516968, 0.5480211567726694, 0.5732970023307242);(0.031137022972106892, 0.030731914820972563, 0.03154213112324122);(0.5143939393939394, 0.48115022517514605, 0.5476376536127328);(0.5722756706753007, 0.5503617814088326, 0.5941895599417688);(0.40685714285714286, 0.36478486915731273, 0.448929416556973);(0.4739041443131831, 0.4475017148948638, 0.5003065737315024);(0.6589999999999999, 0.5671757368519403, 0.7508242631480595);(0.728235294117647, 0.6745818199844591, 0.7818887682508349);(0.628892857142857, 0.5916594971254678, 0.6661262171602462);(0.6661534498857014, 0.6546632678930867, 0.677643631878316);(0.534142857142857, 0.4986372977752464, 0.5696484165104677);(0.6046718342509418, 0.593525419636591, 0.6158182488652927);(2.0, nan, nan)
model;gssvm;mRS.3.bin;kfold;(0.49181662559509276, 0.47155646239316235, 0.5120767887970232);(0.027680420875549273, 0.026283327814576384, 0.02907751393652216);(0.6925757575757576, 0.669097655714529, 0.7160538594369863);(0.7189269195189639, 0.7141085449392269, 0.7237452940987009);(0.04512121212121213, 0.005840463106896995, 0.08440196113552727);(0.07469881422924901, 0.022422548789087872, 0.12697507966941016);(0.1, 0.012206941306841856, 0.18779305869315815);(0.13076923076923078, 0.04057343068020179, 0.22096503085825975);(0.6474074074074074, 0.6276469618460326, 0.6671678529687822);(0.6701117509941039, 0.6566653398545612, 0.6835581621336466);(0.5122222222222221, 0.49569751359025405, 0.5287469308541902);(0.535990675990676, 0.5113471249633837, 0.5606342270179682);(2.0, nan, nan)
resting_visual_abcd_model;gsrf;CPC.12.bin;kfold;(78.96202349185944, 74.72287761924437, 83.20116936447451);(0.12270612716674803, 0.10629561226962353, 0.13911664206387253);(0.6327272727272728, 0.6101982137934758, 0.6552563316610698);(0.9474098057354302, 0.9268739476504338, 0.9679456638204266);(0.5323333333333332, 0.47148341484885037, 0.5931832518178161);(0.9348155906700798, 0.9056678301585677, 0.9639633511815919);(0.4119999999999999, 0.36010716874915116, 0.4638928312508487);(0.9346198830409357, 0.9116982863533368, 0.9575414797285345);(0.6420714285714286, 0.6173746417409443, 0.666768215401913);(0.9722514619883039, 0.9607428296679187, 0.9837600943086892);(0.596, 0.5701252398983705, 0.6218747601016295);(0.9451670843776107, 0.9243948069118928, 0.9659393618433285);(2.0, nan, nan)
resting_visual_abcd_model;gsrf;CPC.3.bin;kfold;(78.31555362701415, 74.18185841929605, 82.44924883473226);(0.11215858459472652, 0.09842567770165507, 0.12589149148779796);(0.7593939393939394, 0.7436887736525881, 0.7750991051352907);(0.9913043478260869, 0.9810410549734091, 1.0015676406787648);(0.36333333333333334, 0.30525008544079657, 0.4214165812258701);(0.9783718487394957, 0.9532351660634137, 1.0035085314155776);(0.19, 0.15263401789050385, 0.22736598210949616);(0.9945454545454545, 0.9857667434196187, 1.0033241656712903);(0.7278703703703704, 0.679705477672565, 0.7760352630681758);(0.995896103896104, 0.9911227966560707, 1.0006694111361372);(0.5645833333333333, 0.5531947527878593, 0.5759719138788073);(0.9924155844155844, 0.9830906977939181, 1.0017404710372506);(2.0, nan, nan)
resting_visual_abcd_model;gsrf;GOS-E.12.bin;kfold;(78.50597812652587, 74.45599605155591, 82.55596020149584);(0.11135896205902096, 0.09442763348309584, 0.1282902906349461);(0.5572727272727273, 0.5308623530832882, 0.5836831014621663);(0.9158649398704902, 0.8892783111614806, 0.9424515685794999);(0.5801825396825396, 0.5434431879784619, 0.6169218913866173);(0.9329916363411046, 0.9077929663098747, 0.9581903063723345);(0.55, 0.5218981267129061, 0.578101873287094);(0.9, 0.8710673506367198, 0.9289326493632802);(0.5641666666666666, 0.5359997659428569, 0.5923335673904763);(0.9531060606060608, 0.9367319240477304, 0.9694801971643913);(0.5559999999999999, 0.528793670961676, 0.5832063290383239);(0.9164624505928852, 0.8899095567211982, 0.9430153444645722);(2.0, nan, nan)
resting_visual_abcd_model;gsrf;GOS-E.3.bin;kfold;(78.30521090030669, 74.18240073417206, 82.42802106644132);(0.12394944190979, 0.1059730699314629, 0.1419258138881171);(0.6863636363636364, 0.657469360728121, 0.7152579119991518);(0.9804902867715078, 0.9681302676915634, 0.9928503058514523);(0.6825714285714286, 0.6201321887506622, 0.745010668392195);(0.9730848701036479, 0.9553970550382237, 0.990772685169072);(0.446, 0.4110848501808421, 0.4809151498191579);(0.9768627450980393, 0.9612026872260662, 0.9925228029700124);(0.7051071428571428, 0.6789708606000656, 0.73124342511422);(0.9900930487137384, 0.9836981989323288, 0.996487898495148);(0.6408571428571428, 0.6126363520313063, 0.6690779336829793);(0.9797244759972955, 0.9669432131805961, 0.992505738813995);(2.0, nan, nan)
resting_visual_abcd_model;gsrf;combined.outcome.12;kfold;(78.55422303199768, 74.84362274553685, 82.26482331845851);(0.12245157718658443, 0.10494199312658385, 0.13996116124658503);(0.6513636363636364, 0.626650408955209, 0.6760768637720638);(0.9267160037002775, 0.9066231314266324, 0.9468088759739226);(0.49342857142857144, 0.43334535485262676, 0.5535117880045162);(0.9058276059166154, 0.8842007861828668, 0.927454425650364);(0.40499999999999997, 0.34705559997732216, 0.4629444000226778);(0.8902205882352942, 0.8500766645548717, 0.9303645119157166);(0.6614642857142858, 0.6219052372261983, 0.7010233342023734);(0.9664952670723462, 0.9586198589631304, 0.9743706751815621);(0.5991071428571427, 0.5679095881450632, 0.6303046975692222);(0.9188114435429344, 0.8944954153322365, 0.9431274717536323);(2.0, nan, nan)
resting_visual_abcd_model;gsrf;combined.outcome.3;kfold;(77.98601993083953, 74.11262677597541, 81.85941308570365);(0.12973891258239745, 0.11032482658857201, 0.14915299857622288);(0.7331818181818182, 0.71277317273573, 0.7535904636279063);(0.9840795559666974, 0.9678514768198596, 1.0003076351135352);(0.24016666666666664, 0.17621171737774663, 0.3041216159555866);(0.9581871345029238, 0.915783567734018, 1.0005907012718296);(0.18333333333333332, 0.1327499614165642, 0.23391670525010244);(0.9963636363636365, 0.9908796189994159, 1.0018476537278571);(0.7148611111111111, 0.6528746847632177, 0.7768475374590044);(0.9944458874458875, 0.988465460203537, 1.000426314688238);(0.545, 0.5257445767376174, 0.5642554232623826);(0.9882611832611833, 0.9759095060744476, 1.000612860447919);(2.0, nan, nan)
resting_visual_abcd_model;gsrf;mRS.12.bin;kfold;(77.99177696704865, 74.49685593498032, 81.48669799911698);(0.11190011024475095, 0.09627558172163148, 0.12752463876787043);(0.6703030303030303, 0.638047986016643, 0.7025580745894175);(0.9628677150786308, 0.9408383989686365, 0.984897031188625);(0.6046666666666668, 0.5262389710075732, 0.6830943623257604);(0.948255138136717, 0.9181335181704658, 0.9783767581029682);(0.458, 0.4223436060826382, 0.4936563939173618);(0.9572549019607843, 0.9293116941369299, 0.9851981097846387);(0.6856249999999999, 0.6608377988841606, 0.7104122011158392);(0.9830987797417817, 0.9735391095149636, 0.9926584499685999);(0.6298928571428571, 0.5993356328197043, 0.66045008146601);(0.9616693229015745, 0.9386248951519339, 0.984713750651215);(2.0, nan, nan)
resting_visual_abcd_model;gsrf;mRS.3.bin;kfold;(77.97812523841857, 73.89975627312256, 82.05649420371458);(0.11723585128784175, 0.09518380695716458, 0.13928789561851893);(0.7295454545454546, 0.7197538585975023, 0.7393370504934069);(0.9939130434782608, 0.9847332752816307, 1.003092811674891);(0.47504761904761905, 0.3883934766557668, 0.5617017614394713);(0.9866666666666667, 0.9665586029978579, 1.0067747303354755);(0.25, 0.1879209328569593, 0.3120790671430407);(0.9951282051282051, 0.9871821470106495, 1.0030742632457605);(0.7229861111111111, 0.696789828667873, 0.7491823935543492);(0.9977536679007267, 0.9943659329187239, 1.0011414028827297);(0.5808333333333332, 0.5644553005596602, 0.5972113661070062);(0.9942753325106267, 0.985592298799851, 1.0029583662214026);(2.0, nan, nan)
resting_visual_abcd_model;gssvm;CPC.12.bin;kfold;(0.5226877117156983, 0.48367221526241877, 0.5617032081689778);(0.028397374153137162, 0.026452740900447483, 0.03034200740582684);(0.6327272727272727, 0.5977539698496264, 0.667700575604919);(0.8841628122109159, 0.8589571684701495, 0.9093684559516823);(0.546, 0.49930221595779223, 0.5926977840422079);(0.8627940575935931, 0.8347667032916232, 0.890821411895563);(0.539, 0.4729655008373622, 0.6050344991626379);(0.8416374269005849, 0.792218971906661, 0.8910558818945087);(0.6411428571428571, 0.6033517020887749, 0.6789340121969394);(0.926936090225564, 0.9055179848461646, 0.9483541956049634);(0.6180714285714286, 0.5795429715730536, 0.6565998855698036);(0.8768901420217208, 0.84806520643871, 0.9057150776047316);(2.0, nan, nan)
resting_visual_abcd_model;gssvm;CPC.3.bin;kfold;(0.5142205095291138, 0.4973553417966877, 0.5310856772615399);(0.02800644397735591, 0.026942218693140646, 0.029070669261571175);(0.6424242424242423, 0.5888872494711014, 0.6959612353773833);(0.798149861239593, 0.7617761364509863, 0.8345235860281996);(0.3683073593073593, 0.2814891070195099, 0.4551256115952087);(0.6204410823080251, 0.5764019687484502, 0.6644801958676);(0.51, 0.41392611062902407, 0.606073889370976);(0.7659090909090909, 0.7134676770431674, 0.8183505047750144);(0.7022222222222222, 0.6475937881919487, 0.7568506562524957);(0.8861904761904761, 0.8676456786295011, 0.904735273751451);(0.6016666666666666, 0.5523485239984767, 0.6509848093348565);(0.7862878787878789, 0.7559276858126122, 0.8166480717631456);(2.0, nan, nan)
resting_visual_abcd_model;gssvm;GOS-E.12.bin;kfold;(0.39863274097442625, 0.39782726104189026, 0.39943822090696224);(0.022094573974609327, 0.022033596631903588, 0.022155551317315066);(0.5275757575757576, 0.497757507530014, 0.5573940076215012);(0.8020259019426458, 0.7572074699481858, 0.8468443339371058);(0.5302936507936507, 0.4566616886454311, 0.6039256129418702);(0.8615618434335328, 0.792015745601898, 0.9311079412651676);(0.44000000000000006, 0.3681998512363096, 0.5118001487636905);(0.7283333333333333, 0.6465863412275209, 0.8100803254391457);(0.5674444444444444, 0.5252686596873766, 0.6096202292015123);(0.8783234519104084, 0.8525208139555478, 0.904126089865269);(0.5326666666666666, 0.5023416332476025, 0.5629917000857307);(0.8039690382081688, 0.7594216989697937, 0.8485163774465438);(2.0, nan, nan)
resting_visual_abcd_model;gssvm;GOS-E.3.bin;kfold;(0.39974518299102785, 0.39681788538481255, 0.40267248059724314);(0.02204546928405757, 0.021875027306766714, 0.022215911261348427);(0.5506060606060605, 0.5115123981012878, 0.5896997231108333);(0.7631544865864941, 0.7112303320036846, 0.8150786411693036);(0.46673809523809523, 0.38676903740076607, 0.5467071530754244);(0.7372440679002127, 0.6856369556745865, 0.7888511801258389);(0.561, 0.4782292250021499, 0.6437707749978502);(0.8407843137254902, 0.7779783387743426, 0.9035902886766378);(0.5913035714285715, 0.5452611755853422, 0.6373459672718008);(0.8720960913100873, 0.8409521889545183, 0.9032399936656562);(0.5460357142857143, 0.5085999872933783, 0.5834714412780503);(0.7799488071090506, 0.7351942961655492, 0.8247033180525519);(2.0, nan, nan)
resting_visual_abcd_model;gssvm;combined.outcome.12;kfold;(0.501754984855652, 0.48704333282409784, 0.5164666368872061);(0.02723697662353511, 0.026522827424716105, 0.027951125822354112);(0.6075757575757575, 0.5670337788539417, 0.6481177362975734);(0.8597687326549492, 0.8215108426115638, 0.8980266226983347);(0.4097142857142857, 0.34046349450192204, 0.47896507692664936);(0.786899206232663, 0.7089710365373827, 0.8648273759279432);(0.47000000000000003, 0.3988628400298493, 0.5411371599701508);(0.7908823529411764, 0.742819987412711, 0.8389447184696417);(0.6599642857142857, 0.6218336036343384, 0.698094967794233);(0.9183959601081811, 0.8981128790636768, 0.9386790411526855);(0.5807142857142857, 0.5413322542012652, 0.6200963172273063);(0.8438319810682893, 0.805126991991501, 0.8825369701450776);(2.0, nan, nan)
resting_visual_abcd_model;gssvm;combined.outcome.3;kfold;(0.5023808813095092, 0.4852530056860219, 0.5195087569329965);(0.027354407310485794, 0.02661683016219336, 0.028091984458778228);(0.6424242424242423, 0.5888872494711014, 0.6959612353773833);(0.798149861239593, 0.7617761364509863, 0.8345235860281996);(0.3683073593073593, 0.2814891070195099, 0.4551256115952087);(0.6204410823080251, 0.5764019687484502, 0.6644801958676);(0.51, 0.41392611062902407, 0.606073889370976);(0.7659090909090909, 0.7134676770431674, 0.8183505047750144);(0.7022222222222222, 0.6475937881919487, 0.7568506562524957);(0.8861904761904761, 0.8676456786295011, 0.904735273751451);(0.6016666666666666, 0.5523485239984767, 0.6509848093348565);(0.7862878787878789, 0.7559276858126122, 0.8166480717631456);(2.0, nan, nan)
resting_visual_abcd_model;gssvm;mRS.12.bin;kfold;(0.40068490505218507, 0.3994246610169464, 0.40194514908742374);(0.02232729911804195, 0.02224044262188332, 0.02241415561420058);(0.5746969696969697, 0.5338373280044117, 0.6155566113895277);(0.796845513413506, 0.7324901847244354, 0.8612008421025765);(0.46419047619047615, 0.3991331463224317, 0.5292478060585206);(0.7684069934492602, 0.7038004064981105, 0.83301358040041);(0.59, 0.5295816259682194, 0.6504183740317805);(0.8641830065359477, 0.8353174497909784, 0.893048563280917);(0.6640892857142858, 0.6343638560655559, 0.6938147153630158);(0.9022856498921407, 0.8821345067412505, 0.9224367930430308);(0.5723214285714285, 0.5331818961173562, 0.6114609610255008);(0.8113402717408803, 0.7617340897902022, 0.8609464536915584);(2.0, nan, nan)
resting_visual_abcd_model;gssvm;mRS.3.bin;kfold;(0.39941152572631833, 0.39872587328087594, 0.4000971781717607);(0.02225117206573482, 0.022178412116865418, 0.022323932014604222);(0.6577272727272727, 0.6227418419223354, 0.69271270353221);(0.884172062904718, 0.8455801717243415, 0.9227639540850944);(0.3917619047619047, 0.3194666228498294, 0.46405718667398);(0.7838171429533658, 0.6971553790247923, 0.8704789068819393);(0.40166666666666667, 0.3382161465042651, 0.4651171868290682);(0.7585897435897436, 0.669182751492993, 0.8479967356864943);(0.6733564814814815, 0.6205595603219634, 0.7261534026409997);(0.9100373645961881, 0.8778067219485237, 0.9422680072438525);(0.5786111111111112, 0.543489390326603, 0.6137328318956193);(0.8453109145756205, 0.7920958336757989, 0.898525995475442);(2.0, nan, nan)
visual;gsrf;CPC.12.bin;kfold;(56.221731796264656, 48.890460422120086, 63.55300317040923);(0.14538400173187252, 0.12316138660358157, 0.16760661686016348);(0.6546969696969697, 0.6267140262301615, 0.6826799131637779);(0.703950046253469, 0.6995839077269005, 0.7083161847800375);(0.5253650793650794, 0.4551949989337434, 0.5955351597964154);(0.6355003025421655, 0.6273020600640514, 0.6436985450202796);(0.532, 0.45307264824390675, 0.6109273517560934);(0.6152046783625732, 0.5822293605149961, 0.6481799962101503);(0.6844285714285715, 0.6733646489140852, 0.6954924939430578);(0.7122117794486215, 0.7095994124538774, 0.7148241464433656);(0.6331428571428572, 0.597426795101748, 0.6688589191839664);(0.688673767752715, 0.6804220503325996, 0.6969254851728305);(2.0, nan, nan)
visual;gsrf;CPC.3.bin;kfold;(38.69711554527283, 37.17453985032473, 40.21969124022093);(0.10211898326873774, 0.0912086405880788, 0.11302932594939667);(0.681060606060606, 0.6462817375288489, 0.7158394745923632);(0.6962904717853838, 0.6750947868690976, 0.71748615670167);(0.4086363636363636, 0.3460534192945208, 0.4712193079782063);(0.4291915869415869, 0.42100922326057, 0.43737395062260376);(0.4966666666666667, 0.47907211095645896, 0.5142612223768744);(0.5603030303030303, 0.5141939848645033, 0.6064120757415573);(0.7034722222222222, 0.6921351230220536, 0.7148093214223907);(0.7045144300144301, 0.703900796137289, 0.7051280638915713);(0.6158333333333332, 0.595944652877815, 0.6357220137888515);(0.6499134199134199, 0.6477265608145866, 0.6521002790122532);(2.0, nan, nan)
visual;gsrf;GOS-E.12.bin;kfold;(38.49204402446747, 36.80328162504986, 40.18080642388507);(0.091985650062561, 0.08081538229893016, 0.10315591782619184);(0.6436363636363637, 0.6338108325254684, 0.6534618947472589);(0.6625161887141535, 0.6568406110829474, 0.6681917663453596);(0.7869523809523811, 0.7326095744340959, 0.8412951874706662);(0.811665829784251, 0.8084989347714633, 0.8148327247970386);(0.43666666666666665, 0.4291261427908633, 0.44420719054247);(0.4574999999999999, 0.4391905997555209, 0.47580940024447893);(0.6976111111111112, 0.6737673160854768, 0.7214549061367456);(0.711296113306983, 0.7103884445450375, 0.7122037820689284);(0.65, 0.6395757579250692, 0.6604242420749309);(0.6698764822134387, 0.6646121952699018, 0.6751407691569755);(2.0, nan, nan)
visual;gsrf;GOS-E.3.bin;kfold;(26.328487319946287, 26.291733891610512, 26.365240748282062);(0.07502358913421628, 0.06879840999514703, 0.08124876827328553);(0.5848484848484847, 0.5635108724418064, 0.606186097255163);(0.6297687326549491, 0.6246834200588085, 0.6348540452510898);(0.43290476190476196, 0.3874252907338049, 0.47838423307571903);(0.5245377536269984, 0.5029773932287663, 0.5460981140252305);(0.45100000000000007, 0.38394019176561756, 0.5180598082343826);(0.5224183006535947, 0.48172708325234614, 0.5631095180548433);(0.5774553571428571, 0.5579978271223128, 0.5969128871634014);(0.6225930889597218, 0.6199972522998358, 0.6251889256196077);(0.5585357142857144, 0.5291643781750883, 0.5879070503963404);(0.6087214655977334, 0.6040690423544524, 0.6133738888410145);(2.0, nan, nan)
visual;gsrf;combined.outcome.12;kfold;(38.23039855003357, 37.09493130290615, 39.36586579716099);(0.0951165962219238, 0.08241357167218377, 0.10781962077166382);(0.6812121212121212, 0.6565636813349973, 0.705860561089245);(0.7358001850138761, 0.7317150141718878, 0.7398853558558645);(0.5377619047619048, 0.4541820205604853, 0.6213417889633243);(0.6400836848125178, 0.631431091547951, 0.6487362780770846);(0.542, 0.46343367543973746, 0.6205663245602626);(0.6479411764705881, 0.6262299340801891, 0.6696524188609871);(0.7276517857142857, 0.7089510935127736, 0.7463524779157977);(0.7537894269776876, 0.7506891332293714, 0.7568897207260038);(0.6511785714285715, 0.6135281081488354, 0.6888290347083076);(0.7169361054766734, 0.7100559572277116, 0.7238162537256352);(2.0, nan, nan)
visual;gsrf;combined.outcome.3;kfold;(25.85553716182709, 25.792075689540003, 25.91899863411418);(0.07187119483947749, 0.06520605387098587, 0.07853633580796911);(0.6384848484848484, 0.5941969516677618, 0.6827727453019351);(0.6681406105457909, 0.6412448544940538, 0.695036366597528);(0.3779393939393939, 0.30930713328987275, 0.44657165458891507);(0.41751898105845475, 0.4078658370261896, 0.4271721250907199);(0.5333333333333334, 0.5108518347036582, 0.5558148319630086);(0.613939393939394, 0.5586469401410512, 0.6692318477377368);(0.7034722222222222, 0.6921351230220536, 0.7148093214223907);(0.7045144300144301, 0.703900796137289, 0.7051280638915713);(0.6008333333333333, 0.5775315495043235, 0.6241351171623432);(0.6495887445887446, 0.6474169325979214, 0.6517605565795678);(2.0, nan, nan)
visual;gsrf;mRS.12.bin;kfold;(26.062479882240297, 25.983707049293024, 26.14125271518757);(0.07033037185668942, 0.06337134960594404, 0.0772893941074348);(0.6757575757575758, 0.654622802813176, 0.6968923487019756);(0.7147271045328398, 0.7127564032238436, 0.7166978058418361);(0.5493571428571429, 0.4789358788198526, 0.6197784068944332);(0.6391319280770082, 0.6309778714392056, 0.6472859847148109);(0.537, 0.4695512889617008, 0.6044487110382992);(0.6059477124183006, 0.5890230351295174, 0.6228723897070838);(0.7092410714285714, 0.6974448824697846, 0.7210372603873582);(0.7323045252583793, 0.7301115543567631, 0.7344974961599955);(0.6468928571428572, 0.6167692462294525, 0.6770164680562618);(0.6940206542387071, 0.6900849134038048, 0.6979563950736093);(2.0, nan, nan)
visual;gsrf;mRS.3.bin;kfold;(56.74579722404481, 48.5497474102399, 64.94184703784971);(0.14777659416198727, 0.13347329499803834, 0.1620798933259362);(0.6110606060606061, 0.556389569559331, 0.6657316425618811);(0.6539407955596671, 0.6283726630400417, 0.6795089280792925);(0.3739393939393939, 0.3099152200774799, 0.4379635678013079);(0.42966252322831266, 0.42167889635331923, 0.4376461501033061);(0.4699999999999999, 0.4403661782104433, 0.4996338217895565);(0.5271794871794873, 0.463211505144414, 0.5911474692145605);(0.6296064814814815, 0.5943463881937863, 0.6648665747691767);(0.6471397230220759, 0.6466155862239145, 0.6476638598202373);(0.5670833333333334, 0.5354555450381744, 0.5987111216284924);(0.6145255724667489, 0.6120420681362911, 0.6170090767972066);(2.0, nan, nan)
visual;gssvm;CPC.12.bin;kfold;(0.6395795822143555, 0.5518126729083643, 0.7273464915203467);(0.03577757358551022, 0.031006679108441154, 0.04054846806257928);(0.5362121212121213, 0.49375938632681815, 0.5786648560974244);(0.5879093432007401, 0.5465488165920849, 0.6292698698093953);(0.25998412698412693, 0.20145810267354997, 0.3185101512947039);(0.35370154952022725, 0.2951400890868612, 0.41226300995359333);(0.26599999999999996, 0.20076684122269156, 0.33123315877730836);(0.35216374269005846, 0.31393788952587726, 0.39038959585423966);(0.47771428571428565, 0.42619511760211864, 0.5292334538264526);(0.5584962406015037, 0.5537839750775897, 0.5632085061254177);(0.49157142857142855, 0.4570905331114233, 0.5260523240314339);(0.546796157059315, 0.5170206836142335, 0.5765716305043964);(2.0, nan, nan)
visual;gssvm;CPC.3.bin;kfold;(0.3828291702270508, 0.3750460486208699, 0.39061229183323176);(0.021543788909912064, 0.021124742752573394, 0.021962835067250733);(0.7286363636363637, 0.6803571022681054, 0.7769156250046221);(0.7344033302497687, 0.7071878264914974, 0.76161883400804);(0.07327272727272727, 0.029318571377131432, 0.11722688316832311);(0.07180117754585838, 0.03835599166587279, 0.10524636342584397);(0.10666666666666666, 0.05540096215275552, 0.1579323711805778);(0.11090909090909089, 0.04306168889606356, 0.1787564929221182);(0.7034722222222222, 0.6921351230220536, 0.7148093214223907);(0.7045144300144301, 0.703900796137289, 0.7051280638915713);(0.5175, 0.49666856827788797, 0.538331431722112);(0.5215180375180376, 0.5097783542472578, 0.5332577207888174);(2.0, nan, nan)
visual;gssvm;GOS-E.12.bin;kfold;(0.3157184696197509, 0.31498491817890384, 0.316452021060598);(0.018041181564331005, 0.017985632471811258, 0.018096730656850753);(0.5518181818181819, 0.5127458943825011, 0.5908904692538627);(0.5933765032377427, 0.5712134983146434, 0.615539508160842);(0.5964040404040404, 0.48063800529209105, 0.7121700755159897);(0.642357976156031, 0.5816866443351936, 0.7030293079768684);(0.47666666666666657, 0.3582113538482482, 0.5951219794850849);(0.53, 0.42712257675936605, 0.632877423240634);(0.6162777777777778, 0.6125212721365904, 0.6200342834189653);(0.6144112318840579, 0.6141669869187616, 0.6146554768493542);(0.5573333333333333, 0.5193835248236383, 0.5952831418430284);(0.595098814229249, 0.5694022057928069, 0.6207954226656912);(2.0, nan, nan)
visual;gssvm;GOS-E.3.bin;kfold;(0.3123236322402954, 0.31083367201755757, 0.31381359246303325);(0.017802929878234817, 0.017718772431283614, 0.01788708732518602);(0.49424242424242426, 0.450752787301466, 0.5377320611833825);(0.4891026827012026, 0.4630600227197532, 0.515145342682652);(0.31519047619047613, 0.28753282005335024, 0.34284813232760203);(0.3537708159816283, 0.31534775627990186, 0.39219387568335473);(0.554, 0.5048765107749156, 0.6031234892250845);(0.5971895424836601, 0.5435038222865696, 0.6508752626807506);(0.4146339285714286, 0.3647607191488048, 0.4645071379940524);(0.5355386119965229, 0.5270056740270015, 0.5440715499660442);(0.48735714285714293, 0.45789390959609344, 0.5168203761181924);(0.5147893525226184, 0.5008265675745387, 0.528752137470698);(2.0, nan, nan)
visual;gssvm;combined.outcome.12;kfold;(0.3146609354019165, 0.3142429610450991, 0.31507890975873387);(0.01808172225952144, 0.017984484250210896, 0.018178960268831985);(0.4584848484848485, 0.4211083878750362, 0.4958613090946608);(0.513931544865865, 0.47142234965794316, 0.5564407400737869);(0.3028585858585858, 0.21874246500128236, 0.3869747067158893);(0.3859964817819387, 0.35008517281025603, 0.42190779075362134);(0.5640000000000001, 0.4570839864910483, 0.6709160135089518);(0.6449264705882353, 0.5777951787875822, 0.7120577623888883);(0.46916964285714285, 0.38716477058725296, 0.5511745151270327);(0.5693714925625424, 0.5651526815319013, 0.5735903035931834);(0.4921785714285714, 0.4578690503937251, 0.5264880924634178);(0.5392908215010143, 0.5178559704440671, 0.5607256725579615);(2.0, nan, nan)
visual;gssvm;combined.outcome.3;kfold;(0.5279623746871949, 0.4734856512361236, 0.5824390981382661);(0.030861043930053667, 0.02657741852131494, 0.03514466933879239);(0.7286363636363637, 0.6803571022681054, 0.7769156250046221);(0.7344033302497687, 0.7071878264914974, 0.76161883400804);(0.07327272727272727, 0.029318571377131432, 0.11722688316832311);(0.07180117754585838, 0.03835599166587279, 0.10524636342584397);(0.10666666666666666, 0.05540096215275552, 0.1579323711805778);(0.11090909090909089, 0.04306168889606356, 0.1787564929221182);(0.7034722222222222, 0.6921351230220536, 0.7148093214223907);(0.7045144300144301, 0.703900796137289, 0.7051280638915713);(0.5175, 0.49666856827788797, 0.538331431722112);(0.5215180375180376, 0.5097783542472578, 0.5332577207888174);(2.0, nan, nan)
visual;gssvm;mRS.12.bin;kfold;(0.3160327768325805, 0.3155366496098411, 0.3165289040553199);(0.01803044795989986, 0.01797221469222669, 0.01808868122757303);(0.4763636363636364, 0.4222972554976351, 0.5304300172296377);(0.5106012950971323, 0.462076269829061, 0.5591263203652035);(0.32371717171717174, 0.2415723300814987, 0.4058620133528448);(0.4456003870786479, 0.3714302905901212, 0.5197704835671746);(0.546, 0.4714135835995495, 0.6205864164004506);(0.6367320261437908, 0.5912775285038702, 0.6821865237837114);(0.46895535714285713, 0.3986351228706789, 0.5392755914150353);(0.5629970781416015, 0.5598068580292452, 0.5661872982539577);(0.47675, 0.43177576608372253, 0.5217242339162774);(0.5384522199684472, 0.5060261300699065, 0.5708783098669878);(2.0, nan, nan)
visual;gssvm;mRS.3.bin;kfold;(0.3067524337768554, 0.30607992951813073, 0.3074249380355801);(0.01764563083648677, 0.01754872991684301, 0.017742531756130532);(0.6874242424242424, 0.6649250419386493, 0.7099234429098354);(0.7236540240518039, 0.7209518722477805, 0.7263561758558273);(0.05666666666666668, 0.01972579488868298, 0.09360753844465038);(0.10983516483516483, 0.047739354033870224, 0.17193097563645943);(0.058333333333333334, 0.02312178702927422, 0.09354487963739244);(0.10538461538461537, 0.043450542631027156, 0.16731868813820358);(0.6446064814814815, 0.6362780715731354, 0.6529348913898275);(0.6471397230220759, 0.6466155862239145, 0.6476638598202373);(0.49388888888888893, 0.479202840468873, 0.5085749373089049);(0.5319792952145893, 0.5134738720152908, 0.5504847184138878);(2.0, nan, nan)
visual_abcd;gsrf;CPC.12.bin;kfold;(54.356333274841305, 51.04450036361468, 57.66816618606793);(0.12017147064208981, 0.10209743359472291, 0.13824550768945673);(0.676818181818182, 0.646867803045737, 0.706768560590627);(0.7551618871415358, 0.7519261160835922, 0.7583976581994794);(0.6080476190476191, 0.5332717681206018, 0.6828234699746363);(0.7342099702842736, 0.7226684450840838, 0.7457514954844634);(0.514, 0.46761505101686734, 0.5603849489831326);(0.6085964912280701, 0.5841556178226917, 0.6330373646334486);(0.7302857142857142, 0.706024150607658, 0.7545472779637704);(0.7925522138680032, 0.788439127124556, 0.7966653006114505);(0.6498571428571429, 0.6208813884383888, 0.678832897275897);(0.7300125313283208, 0.7236051976832759, 0.7364198649733656);(2.0, nan, nan)
visual_abcd;gsrf;CPC.3.bin;kfold;(57.568459382057185, 54.50567991400839, 60.63123885010598);(0.1166996526718139, 0.10254190499927841, 0.13085740034434937);(0.6193939393939394, 0.5553203644704604, 0.6834675143174184);(0.7112210915818686, 0.6869535006299529, 0.7354886825337844);(0.3078095238095238, 0.22985385266366629, 0.3857651949553813);(0.4577681866726624, 0.4382549635088126, 0.4772814098365122);(0.4, 0.36820635973544125, 0.4317936402645588);(0.6266666666666666, 0.5717927043682046, 0.6815406289651286);(0.5899074074074074, 0.539512841950154, 0.6403019728646608);(0.7453694083694085, 0.7337468231107291, 0.7569919936280878);(0.5427777777777778, 0.49243174697518666, 0.593123808580369);(0.6823095238095238, 0.6723186868290343, 0.6923003607900133);(2.0, nan, nan)
visual_abcd;gsrf;GOS-E.12.bin;kfold;(70.24850075244902, 66.23477773806727, 74.26222376683077);(0.1426733207702636, 0.123736944290799, 0.16160969724972818);(0.6546969696969697, 0.6355488681088513, 0.6738450712850881);(0.720249768732655, 0.7175923932314455, 0.7229071442338645);(0.7917265512265511, 0.7506945874893042, 0.832758514963798);(0.8070580423532435, 0.7969134080749846, 0.8172026766315025);(0.5533333333333333, 0.5231712378301201, 0.5834954288365466);(0.6241666666666668, 0.6072004879461093, 0.6411328453872243);(0.7502777777777779, 0.7340129124252011, 0.7665426431303548);(0.7845248682476943, 0.7813380687198747, 0.7877116677755139);(0.656, 0.6353402488943556, 0.6766597511056445);(0.7239015151515151, 0.7212400784878225, 0.7265629518152078);(2.0, nan, nan)
visual_abcd;gsrf;GOS-E.3.bin;kfold;(66.30199830532074, 63.440405422518346, 69.16359118812314);(0.12016206264495843, 0.10822592299548123, 0.13209820229443564);(0.5472727272727271, 0.5195929980765565, 0.5749524564688978);(0.6573913043478262, 0.649557824675349, 0.6652247840203035);(0.36992857142857144, 0.27795929727884305, 0.4618978455782998);(0.5610750712307988, 0.5462018553221637, 0.5759482871394339);(0.32999999999999996, 0.2446887109395266, 0.4153112890604733);(0.49745098039215685, 0.452237777427376, 0.5426641833569377);(0.5234375, 0.4788147620494224, 0.5680602379505776);(0.680617816091954, 0.6744018409017611, 0.6868337912821469);(0.5057142857142858, 0.4716581883635434, 0.5397703830650282);(0.6262131749251425, 0.61585266974912, 0.636573680101165);(2.0, nan, nan)
visual_abcd;gsrf;combined.outcome.12;kfold;(54.39421782016753, 50.79245093113962, 57.99598470919545);(0.11123117446899408, 0.09093073249718822, 0.13153161644079994);(0.6813636363636364, 0.6574143513738511, 0.7053129213534217);(0.7832284921369104, 0.7790596063235974, 0.7873973779502234);(0.5453333333333333, 0.48108245728972465, 0.609584209376942);(0.7315441923058021, 0.7134847393936355, 0.7496036452179687);(0.5269999999999999, 0.4744268099633375, 0.5795731900366623);(0.6472058823529412, 0.6173058430373031, 0.6771059216685793);(0.7402589285714285, 0.7128898694310459, 0.7676279877118111);(0.8205261156186612, 0.8152844267623544, 0.825767804474968);(0.6488571428571428, 0.6211329619577773, 0.6765813237565083);(0.753671906693712, 0.7463220862063715, 0.7610217271810524);(2.0, nan, nan)
visual_abcd;gsrf;combined.outcome.3;kfold;(56.52486247539521, 54.33045706161881, 58.71926788917161);(0.11199495792388911, 0.09934702140533566, 0.12464289444244256);(0.6001515151515151, 0.5488851740978232, 0.651417856205207);(0.7030249768732655, 0.6892358235739378, 0.7168141301725932);(0.2768650793650794, 0.20470754730603666, 0.34902261142412216);(0.4476528632918659, 0.4319143877382076, 0.46339133884552414);(0.4066666666666666, 0.3619855718556334, 0.45134776147769984);(0.6406060606060606, 0.6053998899549768, 0.6758122312571444);(0.5729629629629629, 0.5146212894950015, 0.6313046364309243);(0.744933621933622, 0.7383950085190961, 0.7514722353481479);(0.5322222222222222, 0.485755359537108, 0.5786890849073363);(0.681596681096681, 0.6690617046759614, 0.6941316575174007);(2.0, nan, nan)
visual_abcd;gsrf;mRS.12.bin;kfold;(38.738660993576055, 38.566690329655714, 38.910631657496396);(0.07902659416198728, 0.06742867274235695, 0.0906245155816176);(0.7046969696969697, 0.6923976648681804, 0.716996274525759);(0.7668732654949121, 0.7610768368072005, 0.7726696941826237);(0.6428333333333334, 0.6125706887778102, 0.6730959778888566);(0.7251014924188299, 0.7143839941336191, 0.7358189907040408);(0.555, 0.5058707237113124, 0.6041292762886877);(0.6296078431372549, 0.6075748186754523, 0.6516408675990576);(0.7445714285714287, 0.7176569000186471, 0.7714859571242102);(0.8040373965678226, 0.799873478957844, 0.8082013141778012);(0.6753571428571429, 0.6573153542992876, 0.6933989314149982);(0.7400502269873466, 0.7317852176407547, 0.7483152363339385);(2.0, nan, nan)
visual_abcd;gsrf;mRS.3.bin;kfold;(56.51326300621032, 54.54870463855079, 58.47782137386986);(0.11293904781341549, 0.10214692471263759, 0.12373117091419339);(0.5645454545454545, 0.5285096516100058, 0.6005812574809031);(0.6701942645698428, 0.6458028618884006, 0.6945856672512849);(0.2995238095238095, 0.25263905137742404, 0.346408567670195);(0.45031217516498845, 0.4262579826149611, 0.4743663677150158);(0.36, 0.32057716809441555, 0.3994228319055844);(0.5667948717948718, 0.5473039737498164, 0.5862857698399271);(0.5415509259259259, 0.5077984475047854, 0.5753034043470664);(0.6722711846976553, 0.6660888390528329, 0.6784535303424778);(0.5006944444444443, 0.47307979580614457, 0.5283090930827441);(0.6379696284108048, 0.6251796516742765, 0.6507596051473332);(2.0, nan, nan)
visual_abcd;gssvm;CPC.12.bin;kfold;(0.4596424865722657, 0.4248227634594591, 0.4944622096850723);(0.02552498340606684, 0.023812999125466482, 0.0272369676866672);(0.6278787878787878, 0.6073951285851709, 0.6483624471724048);(0.6780943570767808, 0.6645975589113746, 0.691591155242187);(0.6224999999999999, 0.5102753966684523, 0.7347246033315475);(0.715013275044766, 0.6893080283018632, 0.7407185217876687);(0.31599999999999995, 0.2824129119097867, 0.3495870880902132);(0.40719298245614033, 0.36921451753160683, 0.4451714473806738);(0.6704285714285714, 0.6475796185254549, 0.6932775243316879);(0.6986497493734336, 0.6927567913756404, 0.7045427073712268);(0.5765714285714285, 0.5623032745524077, 0.5908395825904493);(0.631453634085213, 0.6210799983891047, 0.6418272697813214);(2.0, nan, nan)
visual_abcd;gssvm;CPC.3.bin;kfold;(0.3569057273864745, 0.34078807420763063, 0.3730233805653184);(0.020010194778442333, 0.01939068082915929, 0.020629708727725377);(0.7013636363636364, 0.6598341406168162, 0.7428931321104566);(0.7220629047178538, 0.6821039565341448, 0.7620218529015629);(0.054623376623376615, 0.008241173814575162, 0.10100557943217807);(0.07748521228458649, 0.03750900259357234, 0.11746142197560064);(0.12, 0.017468590972177733, 0.22253140902782226);(0.14984848484848484, 0.05213877269507211, 0.24755819700189757);(0.6399999999999999, 0.6069268437780899, 0.6730731562219099);(0.7076608946608948, 0.7007668604293751, 0.7145549288924145);(0.5058333333333332, 0.4867633598809839, 0.5249033067856825);(0.5262178932178931, 0.5126159831562669, 0.5398198032795194);(2.0, nan, nan)
visual_abcd;gssvm;GOS-E.12.bin;kfold;(0.3646366882324218, 0.34942850042236434, 0.37984487604247924);(0.020302200317382772, 0.01950920574897262, 0.021095194885792923);(0.6196969696969697, 0.5827038387307335, 0.656690100663206);(0.6771970397779834, 0.6686597905360556, 0.6857342890199112);(0.6068455988455989, 0.521235949739131, 0.6924552479520667);(0.7050609004016426, 0.6638079672567099, 0.7463138335465753);(0.5866666666666668, 0.5046785182398366, 0.668654815093497);(0.6591666666666667, 0.6116047131114604, 0.706728620221873);(0.7086111111111111, 0.6944355179709959, 0.7227867042512263);(0.7251095191040842, 0.7226260281862766, 0.7275930100218917);(0.6186666666666667, 0.5822737100107853, 0.6550596233225481);(0.6779627799736495, 0.6693169790470405, 0.6866085809002586);(2.0, nan, nan)
visual_abcd;gssvm;GOS-E.3.bin;kfold;(0.3969749927520752, 0.3862940864834026, 0.40765589902074784);(0.022267489433288518, 0.021868927930781046, 0.02266605093579599);(0.4822727272727273, 0.42746100459031383, 0.5370844499551407);(0.5209990749306199, 0.49836856682523056, 0.5436295830360093);(0.3227301587301587, 0.2639461595697588, 0.3815141578905586);(0.4535629138455225, 0.4083266147082444, 0.4987992129828006);(0.487, 0.4116664302777648, 0.5623335697222352);(0.5741830065359477, 0.5044527964887606, 0.6439132165831347);(0.38727678571428575, 0.3246001639215925, 0.449953407506979);(0.5501878280047652, 0.5384550477296253, 0.5619206082799051);(0.46885714285714286, 0.42659937406231396, 0.5111149116519718);(0.5350841141054123, 0.5235773176980524, 0.5465909105127723);(2.0, nan, nan)
visual_abcd;gssvm;combined.outcome.12;kfold;(0.3958777379989624, 0.38302773260337514, 0.4087277433945497);(0.022170271873474066, 0.021465741634657018, 0.022874802112291114);(0.6172727272727273, 0.5633586606755526, 0.671186793869902);(0.6761239592969472, 0.64191408295929, 0.7103338356346045);(0.45844444444444443, 0.34751451303344416, 0.5693743758554447);(0.6025374457244552, 0.5256768715018806, 0.6793980199470299);(0.339, 0.27524354402895107, 0.402756455971049);(0.44176470588235295, 0.3588560137171866, 0.5246733980475193);(0.6539910714285715, 0.6138124324365489, 0.694169710420594);(0.6909762508451657, 0.6845144362104656, 0.6974380654798658);(0.5623571428571428, 0.5249499537360792, 0.5997643319782063);(0.6238248816768087, 0.5974102923873944, 0.650239470966223);(2.0, nan, nan)
visual_abcd;gssvm;combined.outcome.3;kfold;(0.32708881378173826, 0.3266944918641908, 0.3274831356992857);(0.01872086524963374, 0.01866888006162706, 0.01877285043764042);(0.7013636363636364, 0.6598341406168162, 0.7428931321104566);(0.7220629047178538, 0.6821039565341448, 0.7620218529015629);(0.054623376623376615, 0.008241173814575162, 0.10100557943217807);(0.07748521228458649, 0.03750900259357234, 0.11746142197560064);(0.12, 0.017468590972177733, 0.22253140902782226);(0.14984848484848484, 0.05213877269507211, 0.24755819700189757);(0.6399999999999999, 0.6069268437780899, 0.6730731562219099);(0.7076608946608948, 0.7007668604293751, 0.7145549288924145);(0.5058333333333332, 0.4867633598809839, 0.5249033067856825);(0.5262178932178931, 0.5126159831562669, 0.5398198032795194);(2.0, nan, nan)
visual_abcd;gssvm;mRS.12.bin;kfold;(0.5820134449005128, 0.5330755791848562, 0.6309513106161694);(0.032768087387084914, 0.029935048148814015, 0.03560112662535581);(0.6545454545454545, 0.6192237952626047, 0.6898671138283043);(0.6846993524514338, 0.6639255876852446, 0.705473117217623);(0.576, 0.46362173660020417, 0.6883782633997957);(0.7154501561077538, 0.6867507673092481, 0.7441495449062594);(0.35, 0.2870919621798569, 0.41290803782014307);(0.41470588235294115, 0.34351029060666943, 0.48590147409921286);(0.6610892857142857, 0.6343314178102208, 0.6878471536183506);(0.6971897034675939, 0.693783767742446, 0.7005956391927418);(0.5930357142857143, 0.5729046906950992, 0.6131667378763295);(0.6326854534917415, 0.6237665515297693, 0.6416043554537137);(2.0, nan, nan)
visual_abcd;gssvm;mRS.3.bin;kfold;(0.41267825603485103, 0.3922212543588756, 0.43313525771082645);(0.02306592941284175, 0.022232601414509032, 0.023899257411174466);(0.679090909090909, 0.6568969124747606, 0.7012849057070574);(0.7275485661424607, 0.723005930401136, 0.7320912018837853);(0.079, 0.01871719133952003, 0.13928280866047998);(0.1566367162249515, 0.07982819686149117, 0.23344523558841185);(0.09, 0.030466461664784665, 0.14953353833521532);(0.1716666666666667, 0.0852486105889677, 0.25808472274436567);(0.6338657407407406, 0.6170369834193242, 0.6506944980621571);(0.6609699369258193, 0.6576381369037175, 0.664301736947921);(0.49861111111111106, 0.47933974509801264, 0.5178824771242095);(0.5548262032085561, 0.5283597059972722, 0.58129270041984);(2.0, nan, nan)
visual_abcd_model;gsrf;CPC.12.bin;kfold;(72.3257204723358, 67.00508904709235, 77.64635189757925);(0.12075756072998042, 0.09489674659693066, 0.14661837486303017);(0.6753030303030303, 0.6468134248431504, 0.7037926357629102);(0.9087696577243293, 0.8888483891802996, 0.9286909262683589);(0.640904761904762, 0.5730411014501621, 0.7087684223593619);(0.9368786493004759, 0.91919234219969, 0.9545649564012618);(0.4880000000000001, 0.4369912680542384, 0.5390087319457618);(0.8234502923976608, 0.7829665831646483, 0.8639340016306732);(0.7396428571428573, 0.7061023992916718, 0.7731833149940427);(0.9636487050960735, 0.9478811859043512, 0.9794162242877957);(0.6440000000000001, 0.6129738862171825, 0.6750261137828177);(0.8942251461988304, 0.8708425514956605, 0.9176077409020004);(2.0, nan, nan)
visual_abcd_model;gsrf;CPC.3.bin;kfold;(94.2974598646164, 90.30006401060872, 98.29485571862408);(0.14281023979187005, 0.12381370721234215, 0.16180677237139796);(0.6406060606060606, 0.6075926480534704, 0.6736194731586509);(0.930758556891767, 0.9095089974438191, 0.9520081163397149);(0.2643809523809524, 0.17156659095159812, 0.35719531381030667);(0.827410572760573, 0.7991485713820774, 0.8556725741390685);(0.3433333333333333, 0.2275754441459685, 0.4590912225206981);(0.9807575757575757, 0.968590582732529, 0.9929245687826225);(0.6744907407407408, 0.6472027491903773, 0.7017787322911042);(0.9753189033189033, 0.9583380572986337, 0.9922997493391728);(0.5419444444444446, 0.48902795458965664, 0.5948609342992325);(0.9476724386724387, 0.9299808338832535, 0.9653640434616239);(2.0, nan, nan)
visual_abcd_model;gsrf;GOS-E.12.bin;kfold;(71.6558552122116, 66.78229189169022, 76.52941853273299);(0.11766259670257564, 0.10489526528426386, 0.13042992812088744);(0.5862121212121212, 0.5466793497814706, 0.6257448926427718);(0.8490564292321924, 0.8221175990051547, 0.8759952594592301);(0.6410555555555556, 0.5877410375458024, 0.6943700735653088);(0.9180272480006495, 0.8872847853877404, 0.9487697106135586);(0.5533333333333335, 0.5080901900785136, 0.5985764765881533);(0.7791666666666666, 0.7479685243282903, 0.8103648090050428);(0.6613888888888889, 0.6247086772433857, 0.6980691005343921);(0.9280163043478261, 0.9044636110772158, 0.9515689976184364);(0.584, 0.5439917744548138, 0.6240082255451861);(0.8515596179183136, 0.8245925869278875, 0.8785266489087397);(2.0, nan, nan)
visual_abcd_model;gsrf;GOS-E.3.bin;kfold;(95.34818095684052, 86.48558279735319, 104.21077911632786);(0.1574146366119384, 0.12857671614479332, 0.1862525570790835);(0.5162121212121212, 0.4815731524579937, 0.5508510899662488);(0.8577890841813136, 0.8236134803893945, 0.8919646879732327);(0.374547619047619, 0.3080271391155256, 0.44106809897971244);(0.8107791438735307, 0.7634054298054866, 0.8581528579415747);(0.392, 0.3281232613303159, 0.45587673866968415);(0.8602614379084967, 0.8341111149642897, 0.8864117608527038);(0.5189107142857143, 0.46402239623222685, 0.5737990323392018);(0.9267268344119259, 0.902377109507196, 0.9510765593166559);(0.4938571428571429, 0.45461387892281124, 0.5331004067914745);(0.8581356450626227, 0.826730597158966, 0.8895406929662795);(2.0, nan, nan)
visual_abcd_model;gsrf;combined.outcome.12;kfold;(72.79789003372193, 67.78935007990624, 77.80642998753761);(0.10322653770446773, 0.08864962151398727, 0.11780345389494819);(0.6616666666666667, 0.6395418842567817, 0.6837914490765518);(0.8785846438482887, 0.8541591835659376, 0.9030101041306399);(0.5440238095238096, 0.4923007525337097, 0.5957468665139095);(0.8980115456438986, 0.8752985162870528, 0.9207245750007444);(0.42000000000000004, 0.37488270717882294, 0.46511729282117714);(0.7482352941176471, 0.6862968688335797, 0.8101737194017146);(0.7117321428571428, 0.6729510878527484, 0.7505131978615373);(0.9418651538201488, 0.9234986468190095, 0.9602316608212881);(0.6098214285714285, 0.586835621537034, 0.6328072356058231);(0.8504624746450306, 0.8184561146626037, 0.8824688346274574);(2.0, nan, nan)
visual_abcd_model;gsrf;combined.outcome.3;kfold;(71.48677468299866, 67.23083009678363, 75.74271926921368);(0.10354947090148922, 0.08650023255608023, 0.12059870924689821);(0.6489393939393939, 0.6089516041108161, 0.6889271837679718);(0.9359851988899169, 0.9143237594312236, 0.9576466383486103);(0.28833333333333333, 0.2010436493540572, 0.3756230173126095);(0.8411974709007957, 0.8095787877927667, 0.8728161540088246);(0.3766666666666666, 0.2631128418588771, 0.49022049147445607);(0.9824242424242424, 0.967809124654771, 0.9970393601937139);(0.6756018518518518, 0.6412678760415168, 0.7099358276621869);(0.9791681096681097, 0.9636876761151236, 0.9946485432210959);(0.5586111111111112, 0.49922145132989504, 0.6180007708923273);(0.9516962481962482, 0.9333331525715611, 0.9700593438209353);(2.0, nan, nan)
visual_abcd_model;gsrf;mRS.12.bin;kfold;(71.4102032995224, 66.8420548282457, 75.9783517707991);(0.11346829414367672, 0.09487572117692673, 0.13206086711042672);(0.6590909090909092, 0.6322287076825515, 0.6859531104992669);(0.8511470860314523, 0.8363676509015129, 0.8659265211613917);(0.6202619047619048, 0.5441817043991044, 0.6963421051247052);(0.9030590830737889, 0.8814208124552271, 0.9246973536923507);(0.40199999999999997, 0.36666397550570445, 0.4373360244942955);(0.6773856209150327, 0.6503966244700832, 0.7043746173599823);(0.6584732142857144, 0.631781721172152, 0.6851647073992767);(0.9265545413567727, 0.9123859165768674, 0.9407231661366781);(0.6097499999999999, 0.5829718624960296, 0.6365281375039702);(0.817227293216137, 0.8004449455393114, 0.8340096408929625);(2.0, nan, nan)
visual_abcd_model;gsrf;mRS.3.bin;kfold;(90.22940429210664, 87.45931394664358, 92.9994946375697);(0.1607116079330444, 0.1305398165714998, 0.190883399294589);(0.646969696969697, 0.6315057511811686, 0.6624336427582254);(0.94686401480111, 0.9253739437091111, 0.968354085893109);(0.42220634920634925, 0.3559242282317698, 0.4884884701809287);(0.8872507326007325, 0.8524891852622809, 0.9220122799391841);(0.4033333333333333, 0.36097494430284605, 0.4456917223638206);(0.9643589743589743, 0.9479484006377529, 0.9807695480801958);(0.6408101851851852, 0.618993313202799, 0.6626270571675713);(0.9807863704922528, 0.9652017912617404, 0.9963709497227652);(0.5725, 0.5581417423850632, 0.5868582576149368);(0.9522775263951735, 0.9340100425411102, 0.9705450102492368);(2.0, nan, nan)
visual_abcd_model;gssvm;CPC.12.bin;kfold;(0.42758338451385497, 0.41407149703186835, 0.4410952719958416);(0.023680076599121046, 0.02262321579239358, 0.02473693740584851);(0.6363636363636364, 0.6130778542210872, 0.6596494185061855);(0.747900092506938, 0.7339143542906579, 0.7618858307232181);(0.5668174603174603, 0.49783090512720923, 0.6358040155077114);(0.71292796567561, 0.6954211691149039, 0.7304347622363161);(0.509, 0.4654930722102247, 0.5525069277897753);(0.6411111111111112, 0.6064942447736107, 0.6757279774486117);(0.7128571428571429, 0.688558779023921, 0.7371555066903647);(0.8002234753550542, 0.7942021682639809, 0.8062447824461275);(0.6173571428571429, 0.5945923315797101, 0.6401219541345757);(0.7294841269841269, 0.7135514279892985, 0.7454168259789553);(2.0, nan, nan)
visual_abcd_model;gssvm;CPC.3.bin;kfold;(0.3311479806900025, 0.32995984991764965, 0.33233611146235537);(0.018650536537170366, 0.018526835353441767, 0.018774237720898965);(0.7192424242424242, 0.6906750356915893, 0.7478098127932592);(0.7515356151711379, 0.7417139887928995, 0.7613572415493762);(0.13573809523809524, 0.08979725820049425, 0.18167893227569623);(0.17452330375163191, 0.1378537947455375, 0.21119281275772633);(0.19666666666666666, 0.1510757616211874, 0.2422575717121459);(0.275, 0.22263081952079394, 0.3273691804792061);(0.696574074074074, 0.6645085992900566, 0.7286395488580915);(0.776965367965368, 0.7668410519818961, 0.7870896839488398);(0.5366666666666667, 0.5080457981780432, 0.5652875351552903);(0.590111111111111, 0.5686195689766194, 0.6116026532456027);(2.0, nan, nan)
visual_abcd_model;gssvm;GOS-E.12.bin;kfold;(0.4130767631530762, 0.40092151334556136, 0.425232012960591);(0.022872056961059525, 0.02193862199869522, 0.023805491923423832);(0.6162121212121211, 0.5817620847652846, 0.6506621576589576);(0.6772525439407955, 0.6619645780515584, 0.6925405098300326);(0.6496587301587302, 0.572107321905108, 0.7272101384123524);(0.71162292181428, 0.6800735996622248, 0.7431722439663352);(0.5433333333333333, 0.4777408882068961, 0.6089257784597706);(0.6116666666666666, 0.5763208100988901, 0.647012523234443);(0.7037777777777778, 0.6782101861484985, 0.7293453694070572);(0.7449571805006588, 0.7400167270965745, 0.7498976339047432);(0.6183333333333333, 0.5847377818215191, 0.6519288848451474);(0.6795092226613966, 0.6644726553173561, 0.694545790005437);(2.0, nan, nan)
visual_abcd_model;gssvm;GOS-E.3.bin;kfold;(0.3832200193405151, 0.3473001998825928, 0.41913983879843736);(0.02107740879058833, 0.018652537967707543, 0.023502279613469117);(0.49348484848484847, 0.469055299780285, 0.5179143971894119);(0.5127659574468085, 0.49863939171991956, 0.5268925231736975);(0.39226190476190476, 0.3671807117638526, 0.4173430977599569);(0.430909207051128, 0.4047216543695357, 0.4570967597327203);(0.7510000000000001, 0.6984917418819437, 0.8035082581180565);(0.7984313725490195, 0.7552877803603261, 0.841574964737713);(0.5375178571428572, 0.5007013001425884, 0.5743344141431259);(0.6128061109501272, 0.6057102943335759, 0.6199019275666784);(0.5338928571428572, 0.5115106134209751, 0.5562751008647392);(0.5708536173089925, 0.5575304734425437, 0.5841767611754414);(2.0, nan, nan)
visual_abcd_model;gssvm;combined.outcome.12;kfold;(0.4158494901657105, 0.4028896301942666, 0.4288093501371544);(0.02293560504913325, 0.022010765274949474, 0.023860444823317027);(0.6046969696969697, 0.5780080754093889, 0.6313858639845505);(0.6994172062904717, 0.6716434699448587, 0.7271909426360846);(0.3947142857142857, 0.3249309644948972, 0.46449760693367415);(0.6091052928764599, 0.538014299123006, 0.6801962866299137);(0.356, 0.2824112861192333, 0.4295887138807667);(0.5259558823529412, 0.4728101233491013, 0.5791016413567811);(0.678767857142857, 0.6433137251450654, 0.7142219891406487);(0.7513832826233942, 0.7445988008511422, 0.7581677643956461);(0.5565714285714286, 0.5235159806771615, 0.5896268764656957);(0.6602078262339419, 0.634383861097531, 0.6860317913703529);(2.0, nan, nan)
visual_abcd_model;gssvm;combined.outcome.3;kfold;(0.3845845651626587, 0.35239423721227386, 0.41677489311304355);(0.02122426509857173, 0.019502867324305437, 0.022945662872838023);(0.7192424242424242, 0.6906750356915893, 0.7478098127932592);(0.7515356151711379, 0.7417139887928995, 0.7613572415493762);(0.13573809523809524, 0.08979725820049425, 0.18167893227569623);(0.17452330375163191, 0.1378537947455375, 0.21119281275772633);(0.19666666666666666, 0.1510757616211874, 0.2422575717121459);(0.275, 0.22263081952079394, 0.3273691804792061);(0.696574074074074, 0.6645085992900566, 0.7286395488580915);(0.776965367965368, 0.7668410519818961, 0.7870896839488398);(0.5366666666666667, 0.5080457981780432, 0.5652875351552903);(0.590111111111111, 0.5686195689766194, 0.6116026532456027);(2.0, nan, nan)
visual_abcd_model;gssvm;mRS.12.bin;kfold;(0.6045065593719483, 0.5844425637917102, 0.6245705549521864);(0.03314632415771479, 0.031884149168877454, 0.03440849914655213);(0.590909090909091, 0.5581170476917526, 0.6237011341264295);(0.6416743755781684, 0.6001026404949871, 0.6832461106613498);(0.47142857142857136, 0.4024062684032134, 0.5404508744539293);(0.5924249771332151, 0.5589147101678249, 0.6259352440986052);(0.5509999999999999, 0.48152480311436885, 0.620475196885631);(0.6657516339869282, 0.6097213690050189, 0.7217818989688374);(0.6765892857142857, 0.6565323019783229, 0.6966462694502484);(0.7423751569593355, 0.7352315759942529, 0.7495187379244181);(0.5771071428571429, 0.5511781610290281, 0.6030361246852578);(0.6480359155156316, 0.6252153755611443, 0.6708564554701189);(2.0, nan, nan)
visual_abcd_model;gssvm;mRS.3.bin;kfold;(0.3583741903305054, 0.35278969129540283, 0.36395868936560793);(0.019798245429992617, 0.01934556538995588, 0.020250925470029355);(0.6953030303030303, 0.6747986709496525, 0.7158073896564081);(0.7267345050878816, 0.7220458429513702, 0.731423167224393);(0.054714285714285715, 0.01482474972761131, 0.09460382170096013);(0.0943272430184195, 0.041275245224349846, 0.14737924081248915);(0.07333333333333333, 0.02590856001989953, 0.12075810664676714);(0.13076923076923078, 0.05483045772444467, 0.20670800381401688);(0.6678935185185185, 0.6542679353094661, 0.6815191017275709);(0.7181931303990128, 0.7129888876008403, 0.7233973731971852);(0.5048611111111111, 0.4906607025371505, 0.5190615196850717);(0.5415165226929932, 0.5185388321830752, 0.5644942132029113);(2.0, nan, nan)
visual_abcd_resting;gsrf;CPC.12.bin;kfold;(97.82262135982515, 92.96677979362816, 102.67846292602214);(0.18136378765106195, 0.15889125265001258, 0.20383632265211132);(0.6384848484848485, 0.6160894460622884, 0.6608802509074087);(0.9552543940795559, 0.9307673800850674, 0.9797414080740444);(0.5481904761904761, 0.4908512306516973, 0.605529721729255);(0.9457741881441573, 0.9172810657341982, 0.9742673105541163);(0.425, 0.3808702154320529, 0.4691297845679471);(0.9416374269005848, 0.9062529098386165, 0.9770219439625532);(0.6492857142857142, 0.6201529994766425, 0.678418429094786);(0.9781662489557226, 0.9663884374291747, 0.9899440604822705);(0.6039285714285715, 0.5787907668859783, 0.6290663759711647);(0.9529615705931495, 0.9267187359349762, 0.9792044052513227);(2.0, nan, nan)
visual_abcd_resting;gsrf;CPC.3.bin;kfold;(77.35795850276948, 73.70456676587433, 81.01135023966462);(0.11823400020599362, 0.10495865551249425, 0.13150934489949298);(0.745, 0.7196217566527614, 0.7703782433472386);(0.9737927844588345, 0.9544519756273206, 0.9931335932903484);(0.32449999999999996, 0.21997606544441387, 0.4290239345555861);(0.9371975281340607, 0.8913813918974156, 0.9830136643707057);(0.23666666666666664, 0.16429684041399803, 0.3090364929193352);(0.9856060606060606, 0.9753712430738584, 0.9958408781382628);(0.7226851851851852, 0.673851083013882, 0.7715192873564884);(0.9908917748917748, 0.9839062020217891, 0.9978773477617605);(0.5701388888888889, 0.5465468404410578, 0.5937309373367199);(0.9778347763347763, 0.96216869620115, 0.9935008564684027);(2.0, nan, nan)
visual_abcd_resting;gsrf;GOS-E.12.bin;kfold;(76.68005874633789, 72.2841759316074, 81.07594156106839);(0.11598893642425534, 0.09751489509192428, 0.13446297775658642);(0.5207575757575758, 0.49650499292394046, 0.545010158591211);(0.9109713228492138, 0.8796532785790607, 0.9422893671193668);(0.5411507936507935, 0.5085697397208191, 0.573731847580768);(0.9232828947558925, 0.8939714070975731, 0.952594382414212);(0.5233333333333333, 0.48596735122383716, 0.5606993154428295);(0.9008333333333333, 0.8674110014767141, 0.9342556651899524);(0.5413888888888889, 0.501250401781055, 0.5815273759967229);(0.9509601449275362, 0.9331400853447935, 0.9687802045102789);(0.5196666666666667, 0.49490000249838456, 0.5444333308349488);(0.9112467061923584, 0.8799473688063719, 0.9425460435783448);(2.0, nan, nan)
visual_abcd_resting;gsrf;GOS-E.3.bin;kfold;(98.3988399887085, 91.98634023421309, 104.81133974320392);(0.16314901828765865, 0.1412963910841427, 0.18500164549117462);(0.678030303030303, 0.6502261212915152, 0.7058344847690907);(0.9861979648473636, 0.9756151838958705, 0.9967807457988566);(0.6525000000000001, 0.584650996361153, 0.7203490036388471);(0.9811827094474154, 0.9660713637176626, 0.9962940551771682);(0.43899999999999995, 0.40153186603339697, 0.4764681339666029);(0.984248366013072, 0.971543961500878, 0.996952770525266);(0.7035357142857144, 0.6751122429599031, 0.7319591856115256);(0.9925992465951898, 0.9868397512808573, 0.9983587419095223);(0.6336071428571428, 0.6098120129005781, 0.6574022728137076);(0.9857941337454521, 0.9750060897775126, 0.9965821777133916);(2.0, nan, nan)
visual_abcd_resting;gsrf;combined.outcome.12;kfold;(78.56451233386994, 74.32267392890938, 82.8063507388305);(0.1207169437408447, 0.10423833258780235, 0.13719555489388705);(0.6642424242424243, 0.6400051854387123, 0.6884796630461363);(0.9425531914893617, 0.9258847928064943, 0.9592215901722291);(0.5314285714285714, 0.4607447014063628, 0.6021124414507799);(0.9219397267678999, 0.898765693528347, 0.9451137600074528);(0.41500000000000004, 0.37506368840241067, 0.4549363115975894);(0.919705882352941, 0.8938946881098809, 0.9455170765960011);(0.6680982142857144, 0.6191477082678636, 0.7170487203035651);(0.9725683739012847, 0.9638237390313968, 0.9813130087711726);(0.6107142857142857, 0.5854372284307651, 0.6359913429978062);(0.9375425963488844, 0.9194226159933164, 0.9556625767044523);(2.0, nan, nan)
visual_abcd_resting;gsrf;combined.outcome.3;kfold;(97.01585990905762, 90.69931439510164, 103.33240542301361);(0.1447347259521484, 0.1200957822307066, 0.1693736696735902);(0.7527272727272727, 0.7318110299189203, 0.773643515535625);(0.9839777983348752, 0.9638543398082704, 1.00410125686148);(0.3073809523809524, 0.21995415614238956, 0.3948077486195153);(0.9618418217489424, 0.9144523014526227, 1.009231342045262);(0.19333333333333333, 0.13514141696807022, 0.25152524969859646);(0.9872727272727273, 0.9709929527242245, 1.0035525018212301);(0.7365277777777778, 0.6827787758016527, 0.7902767797539029);(0.9949985569985571, 0.9886179845438245, 1.0013791294532897);(0.5604166666666666, 0.5411154434896048, 0.5797178898437283);(0.9851046176046175, 0.9663018512182161, 1.003907383991019);(2.0, nan, nan)
visual_abcd_resting;gsrf;mRS.12.bin;kfold;(54.61108350753784, 54.42009333200888, 54.8020736830668);(0.08973142623901362, 0.07775563554968702, 0.10170721692834021);(0.6737878787878788, 0.6484353656801896, 0.6991403918955681);(0.9585753931544867, 0.9418843046950113, 0.9752664816139621);(0.6135238095238096, 0.5742477044933242, 0.652799914554295);(0.9431335692171604, 0.9175016285053974, 0.9687655099289234);(0.48200000000000004, 0.41812326133031585, 0.5458767386696842);(0.9503921568627451, 0.932533148709165, 0.9682511650163252);(0.7005892857142857, 0.6825251707808552, 0.7186534006477162);(0.9812256511800121, 0.9739407341215663, 0.988510568238458);(0.636, 0.6052705360674786, 0.6667294639325214);(0.9568832705495991, 0.9402781892205944, 0.9734883518786038);(2.0, nan, nan)
visual_abcd_resting;gsrf;mRS.3.bin;kfold;(78.61639845848083, 74.74993781880518, 82.48285909815648);(0.10950034618377683, 0.10076558710158386, 0.1182351052659698);(0.7184848484848485, 0.6926188088116576, 0.7443508881580394);(0.9852173913043478, 0.9737473655699804, 0.9966874170387152);(0.4646060606060606, 0.31777675847288245, 0.6114353627392387);(0.967281045751634, 0.9421858486493534, 0.9923762428539146);(0.2583333333333333, 0.19721579669274564, 0.31945086997392097);(0.9905128205128204, 0.9826924278056272, 0.9983332132200137);(0.7147222222222221, 0.6924265880585132, 0.7370178563859311);(0.9943932538050184, 0.9900705136691863, 0.9987159939408505);(0.5758333333333333, 0.547239303264981, 0.6044273634016856);(0.9868696009872482, 0.9766569067927613, 0.9970822951817351);(2.0, nan, nan)
visual_abcd_resting;gssvm;CPC.12.bin;kfold;(0.5085389328002929, 0.49462044698624946, 0.5224574186143365);(0.02822415828704829, 0.027084318601467167, 0.029363997972629414);(0.6107575757575756, 0.58244998793572, 0.6390651635794312);(0.8354301572617946, 0.8109331115508756, 0.8599272029727136);(0.5186190476190475, 0.4401099106646613, 0.5971281845734338);(0.8016809916949235, 0.7490081011535826, 0.8543538822362643);(0.45, 0.3787031604575109, 0.5212968395424891);(0.7507602339181287, 0.6981631745204919, 0.8033572933157656);(0.6198571428571429, 0.5909385120124163, 0.6487757737018695);(0.8872514619883042, 0.8686684594860687, 0.9058344644905396);(0.5835714285714286, 0.549589521096829, 0.6175533360460282);(0.8210944026733502, 0.792215333783108, 0.8499734715635924);(2.0, nan, nan)
visual_abcd_resting;gssvm;CPC.3.bin;kfold;(0.6472439336776734, 0.5969821714972756, 0.6975056958580712);(0.03574748039245601, 0.0327893907573802, 0.03870557002753182);(0.6303030303030303, 0.56992087642967, 0.6906851841763905);(0.7947733580018503, 0.757004049543921, 0.8325426664597797);(0.31609307359307354, 0.2389263448710398, 0.39325980231510727);(0.6106687720918058, 0.5623777390910065, 0.6589598050926051);(0.43, 0.36213528511777027, 0.4978647148822297);(0.7319696969696969, 0.6828089730793355, 0.7811304208600583);(0.6986111111111111, 0.6365836959290802, 0.760638526293142);(0.8811717171717172, 0.8729937310602982, 0.8893497032831361);(0.5658333333333332, 0.5212052934725117, 0.6104613731941547);(0.772524531024531, 0.7458024447769411, 0.7992466172721209);(2.0, nan, nan)
visual_abcd_resting;gssvm;GOS-E.12.bin;kfold;(0.5115806293487549, 0.49733729293281476, 0.5258239657646951);(0.027945404052734324, 0.026984879396440203, 0.028905928709028444);(0.5443939393939393, 0.5032890471937128, 0.5854988315941658);(0.854440333024977, 0.7994353139934475, 0.9094453520565066);(0.5715440115440116, 0.500508504104644, 0.6425795189833792);(0.9241951727666897, 0.8905005172906661, 0.9578898282427133);(0.48999999999999994, 0.4188628400298492, 0.5611371599701507);(0.7933333333333332, 0.7048771350402097, 0.8817895316264568);(0.5833333333333333, 0.540139658105507, 0.6265270085611595);(0.9047480237154149, 0.8657402256502867, 0.943755821780543);(0.5453333333333333, 0.5053187918633237, 0.5853478748033429);(0.8565480895915678, 0.802127043783458, 0.9109691353996776);(2.0, nan, nan)
visual_abcd_resting;gssvm;GOS-E.3.bin;kfold;(0.8561650562286378, 0.655512823311805, 1.0568172891454706);(0.048364934921264605, 0.03656899752608977, 0.06016087231643944);(0.5556060606060607, 0.5142700018349661, 0.5969421193771552);(0.7717668825161887, 0.7132432388416786, 0.8302905261906989);(0.4669761904761905, 0.39693793600346183, 0.5370144449489191);(0.7468473165457954, 0.6878684827299223, 0.8058261503616685);(0.565, 0.477176362984561, 0.6528236370154389);(0.8316993464052288, 0.7819058097365179, 0.8814928830739397);(0.602, 0.5612788111631087, 0.6427211888368912);(0.8725855629608166, 0.8459217503766278, 0.8992493755450054);(0.55125, 0.5151615491729169, 0.5873384508270831);(0.785024550049905, 0.7381334554743463, 0.8319156446254637);(2.0, nan, nan)
visual_abcd_resting;gssvm;combined.outcome.12;kfold;(0.4997795295715332, 0.4864255669460871, 0.5131334921969793);(0.027507958412170363, 0.026557662300968298, 0.028458254523372428);(0.5960606060606061, 0.5479173960785355, 0.6442038160426766);(0.8276780758556892, 0.7824080108059228, 0.8729481409054556);(0.41452380952380946, 0.3373338555915702, 0.4917137634560487);(0.7495979530520183, 0.6609851641442389, 0.8382107419597976);(0.46399999999999997, 0.40547465250533954, 0.5225253474946604);(0.7577941176470588, 0.7058700926773629, 0.8097181426167548);(0.6514107142857143, 0.6125616748863697, 0.6902597536850589);(0.9014634043272481, 0.8793965675714049, 0.9235302410830913);(0.5723571428571429, 0.5316356423445726, 0.6130786433697132);(0.8112074036511157, 0.767185985818182, 0.8552288214840493);(2.0, nan, nan)
visual_abcd_resting;gssvm;combined.outcome.3;kfold;(0.4499603509902954, 0.4217028540407661, 0.47821784793982475);(0.024512815475463818, 0.023039865180692735, 0.0259857657702349);(0.6303030303030303, 0.56992087642967, 0.6906851841763905);(0.7947733580018503, 0.757004049543921, 0.8325426664597797);(0.31609307359307354, 0.2389263448710398, 0.39325980231510727);(0.6106687720918058, 0.5623777390910065, 0.6589598050926051);(0.43, 0.36213528511777027, 0.4978647148822297);(0.7319696969696969, 0.6828089730793355, 0.7811304208600583);(0.6986111111111111, 0.6365836959290802, 0.760638526293142);(0.8811717171717172, 0.8729937310602982, 0.8893497032831361);(0.5658333333333332, 0.5212052934725117, 0.6104613731941547);(0.772524531024531, 0.7458024447769411, 0.7992466172721209);(2.0, nan, nan)
visual_abcd_resting;gssvm;mRS.12.bin;kfold;(0.5163030910491944, 0.5018545719050841, 0.5307516101933046);(0.027910089492797812, 0.027216341198373246, 0.028603837787222378);(0.5778787878787879, 0.5370442317350763, 0.6187133440224994);(0.8172155411655874, 0.7671000112100232, 0.8673310711211515);(0.4699523809523809, 0.40851141351595893, 0.5313933483888028);(0.7862032290296861, 0.7331681553735433, 0.8392383026858289);(0.578, 0.5267688128690814, 0.6292311871309185);(0.8809803921568629, 0.8502279492853644, 0.9117328350283613);(0.6732500000000001, 0.6397196632874471, 0.7067803367125531);(0.9102968543739334, 0.8928935670695392, 0.9277001416783276);(0.5734642857142858, 0.5334537590510643, 0.6134748123775072);(0.8308227083937023, 0.7937261354683872, 0.8679192813190174);(2.0, nan, nan)
visual_abcd_resting;gssvm;mRS.3.bin;kfold;(0.3839220809936523, 0.38224206390232535, 0.3856020980849793);(0.021340641975402787, 0.02125944525588979, 0.021421838694915783);(0.6372727272727272, 0.6090679248678992, 0.6654775296775552);(0.8656799259944495, 0.8279116256345358, 0.9034482263543633);(0.34478571428571425, 0.29149213254019973, 0.39807929603122877);(0.755004407443262, 0.6687679629788462, 0.8412408519076778);(0.38166666666666665, 0.3122715386595565, 0.45106179467377683);(0.7206410256410256, 0.619987876547554, 0.8212941747344972);(0.6635416666666666, 0.6200780661651998, 0.7070052671681334);(0.8985935143288085, 0.868577106029929, 0.928609922627688);(0.5594444444444444, 0.5304670962155014, 0.5884217926733875);(0.8206859317153434, 0.7644523061238242, 0.8769195573068627);(2.0, nan, nan)
