features;model;target;Unnamed: 0;fit_time;score_time;test_accuracy;train_accuracy;test_precision;train_precision;test_recall;train_recall;test_roc_auc;train_roc_auc;repeat;fold
fmri;gsrf;CPC.12.bin;49.5;66.29682421207428;0.07666948080062862;0.43785714285714283;0.96;0.34974927849927845;0.9518765463552615;0.38666666666666666;0.965;0.3915625;0.9870588235294118;0.0;49.5
fmri;gsrf;CPC.3.bin;49.5;65.760466132164;0.0754254555702209;0.7471428571428571;0.9261290322580645;0.35009523809523807;0.8505652958152958;0.39;0.8775;0.7206060606060606;0.9764673913043478;0.0;49.5
fmri;gsrf;GOS-E.12.bin;49.5;65.72268646001815;0.07512476921081537;0.5514285714285714;0.9583870967741936;0.5817781107781108;0.9691867975935314;0.73875;0.9588888888888889;0.5719791666666666;0.987008547008547;0.0;49.5
fmri;gsrf;GOS-E.3.bin;49.5;66.34364580154418;0.07676383018493647;0.5892857142857143;0.9306451612903226;0.548047619047619;0.9462904040404041;0.3516666666666666;0.8666666666666667;0.535;0.9732894736842106;0.0;49.5
fmri;gsrf;combined.outcome.12;49.5;84.50597606182099;0.10559572935104367;0.485;0.9703225806451613;0.338734126984127;0.9618832246185187;0.19166666666666665;0.9658333333333333;0.360625;0.9894736842105263;0.0;49.5
fmri;gsrf;combined.outcome.3;49.5;66.43666944026947;0.07218327283859248;0.7407142857142857;0.9238709677419356;0.3347380952380952;0.8498735431235431;0.38666666666666666;0.87125;0.7133333333333333;0.9740217391304349;0.0;49.5
fmri;gsrf;mRS.12.bin;49.5;86.99955134153366;0.11844549894332883;0.485;0.9651612903225807;0.31207142857142856;0.9559029475426535;0.19166666666666665;0.9583333333333333;0.3627083333333333;0.9880701754385964;0.0;49.5
fmri;gsrf;mRS.3.bin;49.5;114.08380933761596;0.16888658285140987;0.7442857142857143;0.9177419354838708;0.34561904761904766;0.8397718115218115;0.3933333333333333;0.855;0.7128787878787878;0.9736956521739131;0.0;49.5
fmri;gssvm;CPC.12.bin;49.5;0.4110022163391113;0.01878211259841914;0.4314285714285714;0.6825806451612902;0.38108838383838384;0.6901999247168602;0.6683333333333333;0.9185714285714286;0.4483333333333333;0.8363445378151261;0.0;49.5
fmri;gssvm;CPC.3.bin;49.5;0.3316256189346313;0.015290210247039747;0.735;0.9070967741935483;0.42591666666666667;0.822270868020868;0.5533333333333332;0.83375;0.7106060606060606;0.9378260869565217;0.0;49.5
fmri;gssvm;GOS-E.12.bin;49.5;0.40672524452209474;0.01836884737014766;0.55;0.8296774193548387;0.6048315573315574;0.8625502364546753;0.68625;0.9083333333333333;0.5645833333333333;0.9013675213675214;0.0;49.5
fmri;gssvm;GOS-E.3.bin;49.5;0.40827508449554445;0.018430423736572218;0.47428571428571425;0.557741935483871;0.4495238095238095;0.5625530858030858;0.7616666666666667;0.8891666666666667;0.5366666666666666;0.7580701754385964;0.0;49.5
fmri;gssvm;combined.outcome.12;49.5;0.40545617818832397;0.018412661552429155;0.4257142857142856;0.4451612903225806;0.4128690476190476;0.44141372605888735;0.915;0.9791666666666667;0.435625;0.7477192982456141;0.0;49.5
fmri;gssvm;combined.outcome.3;49.5;0.4052360415458679;0.018397381305694526;0.735;0.9070967741935483;0.42591666666666667;0.822270868020868;0.5533333333333332;0.83375;0.7106060606060606;0.9378260869565217;0.0;49.5
fmri;gssvm;mRS.12.bin;49.5;0.33130613565444944;0.015265519618987984;0.4257142857142856;0.4451612903225806;0.4128690476190476;0.44141372605888735;0.915;0.9791666666666667;0.435625;0.7477192982456141;0.0;49.5
fmri;gssvm;mRS.3.bin;49.5;0.4042175555229187;0.018401076793670604;0.735;0.9070967741935483;0.42591666666666667;0.822270868020868;0.5533333333333332;0.83375;0.7106060606060606;0.9378260869565217;0.0;49.5
fmri;rf;CPC.12.bin;49.5;0.29166398048400877;0.10589324474334713;0.41857142857142854;1.0;0.31877489177489177;1.0;0.3466666666666666;1.0;0.3796875;1.0;0.0;49.5
fmri;rf;CPC.3.bin;49.5;0.39585701942443846;0.12676623821258542;0.7542857142857143;1.0;0.298;1.0;0.2333333333333333;1.0;0.7286363636363636;1.0;0.0;49.5
fmri;rf;GOS-E.12.bin;49.5;0.4017338824272156;0.12522024869918819;0.59;1.0;0.6087406204906205;1.0;0.79875;1.0;0.6241666666666666;1.0;0.0;49.5
fmri;rf;GOS-E.3.bin;49.5;0.2948878955841064;0.10791199684143063;0.5871428571428572;1.0;0.5376349206349207;1.0;0.355;1.0;0.5358333333333333;1.0;0.0;49.5
fmri;rf;combined.outcome.12;49.5;0.39819448471069335;0.1273283219337463;0.4828571428571429;1.0;0.2905714285714286;1.0;0.15499999999999997;1.0;0.3417708333333333;1.0;0.0;49.5
fmri;rf;combined.outcome.3;49.5;0.5542204451560974;0.20266312837600706;0.7528571428571429;1.0;0.28;1.0;0.2333333333333333;1.0;0.7253030303030303;1.0;0.0;49.5
fmri;rf;mRS.12.bin;49.5;0.3993294596672058;0.1263399505615234;0.47142857142857136;1.0;0.24317857142857144;1.0;0.14499999999999996;1.0;0.3320833333333333;1.0;0.0;49.5
fmri;rf;mRS.3.bin;49.5;0.39232382297515866;0.1247404313087463;0.7507142857142857;1.0;0.27949999999999997;1.0;0.22666666666666666;1.0;0.7254545454545455;1.0;0.0;49.5
fmri_model;gsrf;CPC.12.bin;49.5;87.72575011968613;0.11544123888015743;0.495;0.9826923076923078;0.316047619047619;0.9752052114552114;0.21600000000000003;0.9840000000000001;0.4365714285714286;0.9968125000000001;0.0;49.5
fmri_model;gsrf;CPC.3.bin;49.5;65.14071446418762;0.07646169424057002;0.7933333333333333;0.9638461538461539;0.21583333333333332;0.9045952380952381;0.245;0.9179999999999999;0.727;0.9912380952380953;0.0;49.5
fmri_model;gsrf;GOS-E.12.bin;49.5;66.70157120704651;0.07448261976242061;0.5608333333333334;0.9730769230769231;0.5781111111111111;0.9760151515151516;0.56;0.97;0.5911111111111111;0.9921301775147928;0.0;49.5
fmri_model;gsrf;GOS-E.3.bin;49.5;64.78814333438874;0.08033784389495845;0.6308333333333334;0.9538461538461539;0.3486666666666667;0.9601937229437228;0.2575;0.9033333333333333;0.53890625;0.9858823529411764;0.0;49.5
fmri_model;gsrf;combined.outcome.12;49.5;64.62313081026078;0.07609360694885249;0.5566666666666666;0.9773076923076922;0.09785714285714286;0.9757691197691197;0.07;0.9588888888888889;0.38203125;0.9944444444444445;0.0;49.5
fmri_model;gsrf;combined.outcome.3;49.5;64.71978734254837;0.07237920522689816;0.7883333333333333;0.965;0.18833333333333332;0.9084285714285714;0.22;0.9179999999999999;0.7347499999999999;0.9907619047619047;0.0;49.5
fmri_model;gsrf;mRS.12.bin;49.5;66.72410169124603;0.07828109979629512;0.56;0.9830769230769231;0.11302380952380953;0.978225468975469;0.0775;0.9744444444444444;0.3728125;0.9952287581699346;0.0;49.5
fmri_model;gsrf;mRS.3.bin;49.5;66.07716621160507;0.07455892801284786;0.7866666666666667;0.9657692307692308;0.155;0.9200952380952381;0.195;0.912;0.73425;0.9911428571428571;0.0;49.5
fmri_model;gssvm;CPC.12.bin;49.5;0.39461665153503417;0.01802480459213252;0.41833333333333333;0.5753846153846154;0.38152380952380954;0.5665763811352046;0.794;0.981;0.4177142857142857;0.8383125;0.0;49.5
fmri_model;gssvm;CPC.3.bin;49.5;0.6489986777305603;0.029706940650939893;0.6341666666666667;0.8315384615384616;0.26365079365079364;0.7239598595848595;0.56;0.91;0.649;0.9513333333333334;0.0;49.5
fmri_model;gssvm;GOS-E.12.bin;49.5;0.4033107900619507;0.01827996492385859;0.5366666666666666;0.8392307692307692;0.5398315295815296;0.8783726745596278;0.53;0.8053846153846155;0.5647222222222222;0.8960355029585798;0.0;49.5
fmri_model;gssvm;GOS-E.3.bin;49.5;0.40504878282546997;0.01838724374771114;0.42166666666666663;0.6542307692307692;0.2996785714285714;0.6487768620268619;0.635;0.9455555555555556;0.4478125;0.8484967320261438;0.0;49.5
fmri_model;gssvm;combined.outcome.12;49.5;0.3960704779624939;0.017985382080078074;0.37833333333333335;0.5942307692307692;0.29675108225108227;0.5771675502859712;0.7325;0.9733333333333333;0.3778125;0.8562745098039215;0.0;49.5
fmri_model;gssvm;combined.outcome.3;49.5;0.3979789137840271;0.018230519294738724;0.6341666666666667;0.8315384615384616;0.26365079365079364;0.7239598595848595;0.56;0.91;0.649;0.9513333333333334;0.0;49.5
fmri_model;gssvm;mRS.12.bin;49.5;0.3356139087677002;0.015626325607299756;0.37833333333333335;0.5942307692307692;0.29675108225108227;0.5771675502859712;0.7325;0.9733333333333333;0.3778125;0.8562745098039215;0.0;49.5
fmri_model;gssvm;mRS.3.bin;49.5;0.6541526103019715;0.029981267452239942;0.6341666666666667;0.8315384615384616;0.26365079365079364;0.7239598595848595;0.56;0.91;0.649;0.9513333333333334;0.0;49.5
fmri_model;rf;CPC.12.bin;49.5;0.3961820721626282;0.12565318107604978;0.49;1.0;0.27435714285714285;1.0;0.162;1.0;0.39857142857142863;1.0;0.0;49.5
fmri_model;rf;CPC.3.bin;49.5;0.38789920806884765;0.12403867483139035;0.8141666666666667;1.0;0.14666666666666667;1.0;0.085;1.0;0.721;1.0;0.0;49.5
fmri_model;rf;GOS-E.12.bin;49.5;0.2927623105049133;0.10769733428955075;0.5908333333333333;1.0;0.6015811688311689;1.0;0.5816666666666667;1.0;0.5995833333333334;1.0;0.0;49.5
fmri_model;rf;GOS-E.3.bin;49.5;0.39255867719650267;0.12498713970184322;0.6483333333333333;1.0;0.4261666666666667;1.0;0.255;1.0;0.55828125;1.0;0.0;49.5
fmri_model;rf;combined.outcome.12;49.5;0.5582241725921631;0.20405167102813718;0.5691666666666666;1.0;0.10952380952380952;1.0;0.07;1.0;0.31203125;1.0;0.0;49.5
fmri_model;rf;combined.outcome.3;49.5;0.39456719398498535;0.12786255836486812;0.82;1.0;0.18166666666666667;1.0;0.1;1.0;0.7302500000000001;1.0;0.0;49.5
fmri_model;rf;mRS.12.bin;49.5;0.3773214530944824;0.12099013566970822;0.5625;1.0;0.08549999999999999;1.0;0.0625;1.0;0.31484375;1.0;0.0;49.5
fmri_model;rf;mRS.3.bin;49.5;0.2919354391098022;0.10746607065200803;0.8108333333333333;1.0;0.15333333333333332;1.0;0.1;1.0;0.727;1.0;0.0;49.5
fmri_resting_visual_abcd_model;gsrf;CPC.12.bin;49.5;87.18614708662034;0.11389047384262081;0.608;0.9813636363636364;0.5141666666666667;0.9848333333333333;0.3325;0.97;0.546875;0.997094017094017;0.0;49.5
fmri_resting_visual_abcd_model;gsrf;CPC.3.bin;49.5;67.16932802200317;0.07200623512268062;0.782;0.9913636363636364;0.115;0.9525;0.11;1.0;0.8896875;0.9998245614035087;0.0;49.5
fmri_resting_visual_abcd_model;gsrf;GOS-E.12.bin;49.5;66.62024446487426;0.07758368253707881;0.654;0.9568181818181819;0.6731428571428572;0.9776923076923077;0.684;0.9425;0.6748000000000001;0.9903333333333333;0.0;49.5
fmri_resting_visual_abcd_model;gsrf;GOS-E.3.bin;49.5;66.23603645324707;0.07901264190673823;0.7020000000000001;0.9695454545454545;0.49585714285714283;0.9588888888888889;0.36;0.96125;0.7278571428571429;0.9957142857142857;0.0;49.5
fmri_resting_visual_abcd_model;gsrf;combined.outcome.12;49.5;66.38561014652252;0.07772658586502071;0.72;0.9640909090909091;0.5323333333333333;0.9693492063492063;0.4066666666666666;0.93375;0.7178571428571427;0.9953571428571429;0.0;49.5
fmri_resting_visual_abcd_model;gsrf;combined.outcome.3;49.5;65.6867744421959;0.07243816375732418;0.767;0.990909090909091;0.07666666666666667;0.95;0.08;1.0;0.889375;0.9998245614035087;0.0;49.5
fmri_resting_visual_abcd_model;gsrf;mRS.12.bin;49.5;66.57922493696213;0.07583496809005733;0.728;0.9727272727272728;0.5605;0.9723055555555555;0.41;0.955;0.7309523809523809;0.9957142857142857;0.0;49.5
fmri_resting_visual_abcd_model;gsrf;mRS.3.bin;49.5;65.3900041270256;0.07130324125289912;0.7710000000000001;0.990909090909091;0.06;0.95;0.07;1.0;0.8859375;0.9998245614035087;0.0;49.5
fmri_resting_visual_abcd_model;gssvm;CPC.12.bin;49.5;0.4068338131904602;0.01863111019134517;0.455;0.7368181818181818;0.35595238095238096;0.742731240981241;0.555;0.95;0.46583333333333327;0.9290598290598291;0.0;49.5
fmri_resting_visual_abcd_model;gssvm;CPC.3.bin;49.5;0.40491064548492434;0.01854693651199336;0.758;0.9563636363636364;0.30516666666666664;0.7959999999999999;0.425;1.0;0.74625;0.9905263157894737;0.0;49.5
fmri_resting_visual_abcd_model;gssvm;GOS-E.12.bin;49.5;0.48457056045532226;0.021765735149383496;0.5429999999999999;0.8168181818181819;0.47172222222222226;0.7955101010101011;0.37799999999999995;0.6766666666666667;0.6228;0.9393333333333334;0.0;49.5
fmri_resting_visual_abcd_model;gssvm;GOS-E.3.bin;49.5;0.5061950945854187;0.022861602306365917;0.642;0.8613636363636364;0.29501190476190475;0.6996789321789322;0.3733333333333333;0.7475;0.6233333333333333;0.9516071428571429;0.0;49.5
fmri_resting_visual_abcd_model;gssvm;combined.outcome.12;49.5;0.48411323547363283;0.021711020469665485;0.652;0.9095454545454545;0.3614523809523809;0.8224087301587302;0.3933333333333333;0.805;0.6333333333333333;0.9696428571428573;0.0;49.5
fmri_resting_visual_abcd_model;gssvm;combined.outcome.3;49.5;0.48267552375793454;0.02177027702331539;0.758;0.9563636363636364;0.30516666666666664;0.7959999999999999;0.425;1.0;0.74625;0.9905263157894737;0.0;49.5
fmri_resting_visual_abcd_model;gssvm;mRS.12.bin;49.5;0.5034115624427795;0.022811791896820022;0.652;0.9095454545454545;0.3614523809523809;0.8224087301587302;0.3933333333333333;0.805;0.6333333333333333;0.9696428571428573;0.0;49.5
fmri_resting_visual_abcd_model;gssvm;mRS.3.bin;49.5;0.5037278151512146;0.022815754413604686;0.758;0.9563636363636364;0.30516666666666664;0.7959999999999999;0.425;1.0;0.74625;0.9905263157894737;0.0;49.5
fmri_resting_visual_abcd_model;rf;CPC.12.bin;49.5;0.37999733924865725;0.12382807970046994;0.614;1.0;0.5061904761904762;1.0;0.335;1.0;0.5552083333333333;1.0;0.0;49.5
fmri_resting_visual_abcd_model;rf;CPC.3.bin;49.5;0.5805670213699341;0.20944615840911862;0.7710000000000001;1.0;0.011666666666666665;1.0;0.015;1.0;0.8784375;1.0;0.0;49.5
fmri_resting_visual_abcd_model;rf;GOS-E.12.bin;49.5;0.40419901847839357;0.1288636422157287;0.6509999999999999;1.0;0.6553611111111111;1.0;0.72;1.0;0.6874000000000001;1.0;0.0;49.5
fmri_resting_visual_abcd_model;rf;GOS-E.3.bin;49.5;0.3977784466743469;0.1283534502983093;0.701;1.0;0.47850000000000004;1.0;0.32666666666666666;1.0;0.7264285714285714;1.0;0.0;49.5
fmri_resting_visual_abcd_model;rf;combined.outcome.12;49.5;0.5334576177597046;0.1972562193870544;0.732;1.0;0.545;1.0;0.43;1.0;0.7673809523809524;1.0;0.0;49.5
fmri_resting_visual_abcd_model;rf;combined.outcome.3;49.5;0.3888426494598389;0.12695282220840448;0.765;1.0;0.005;1.0;0.005;1.0;0.875625;1.0;0.0;49.5
fmri_resting_visual_abcd_model;rf;mRS.12.bin;49.5;0.5395969223976135;0.1960789918899536;0.7290000000000001;1.0;0.5466666666666666;1.0;0.4333333333333333;1.0;0.7752380952380952;1.0;0.0;49.5
fmri_resting_visual_abcd_model;rf;mRS.3.bin;49.5;0.39537931442260743;0.1300884103775024;0.7710000000000001;1.0;0.015;1.0;0.01;1.0;0.8740625;1.0;0.0;49.5
fmri_visual_abcd_model;gsrf;CPC.12.bin;49.5;85.33877227783204;0.11080223798751827;0.486;0.9831818181818182;0.2813095238095238;0.9776287878787879;0.2075;0.9833333333333333;0.40083333333333326;0.9958119658119657;0.0;49.5
fmri_visual_abcd_model;gsrf;CPC.3.bin;49.5;66.30308236837386;0.06584867000579829;0.786;0.985;0.05333333333333333;0.9708333333333333;0.03;0.9266666666666667;0.7253125;0.9991228070175439;0.0;49.5
fmri_visual_abcd_model;gsrf;GOS-E.12.bin;49.5;66.23988485097885;0.07835887432098385;0.514;0.975;0.5112063492063492;0.9741859806859807;0.6559999999999999;0.9825;0.5132;0.99375;0.0;49.5
fmri_visual_abcd_model;gsrf;GOS-E.3.bin;49.5;64.67439755439759;0.07528075933456417;0.596;0.9672727272727273;0.2490238095238095;0.9745912698412699;0.23;0.935;0.48357142857142854;0.9927678571428571;0.0;49.5
fmri_visual_abcd_model;gsrf;combined.outcome.12;49.5;88.18961852788925;0.11636095046997066;0.584;0.9927272727272728;0.1365;0.9924603174603175;0.09;0.9875;0.3092857142857143;0.9977678571428571;0.0;49.5
fmri_visual_abcd_model;gsrf;combined.outcome.3;49.5;64.87893020391465;0.06764444589614864;0.782;0.9854545454545455;0.06833333333333333;0.9766666666666667;0.04;0.9233333333333333;0.7153125;0.9996491228070176;0.0;49.5
fmri_visual_abcd_model;gsrf;mRS.12.bin;49.5;66.08842207431793;0.07377431154251095;0.589;0.9895454545454545;0.12376190476190477;0.9898809523809524;0.10666666666666666;0.98125;0.3257142857142857;0.9979464285714286;0.0;49.5
fmri_visual_abcd_model;gsrf;mRS.3.bin;49.5;83.51486871957779;0.09810217618942257;0.787;0.984090909090909;0.05833333333333333;0.9658333333333333;0.045;0.9266666666666667;0.7284375;0.9994736842105263;0.0;49.5
fmri_visual_abcd_model;gssvm;CPC.12.bin;49.5;0.39100621700286864;0.017677447795867874;0.49200000000000005;0.7913636363636364;0.4463095238095238;0.7815747909211531;0.6125;0.9744444444444444;0.5070833333333333;0.9458974358974359;0.0;49.5
fmri_visual_abcd_model;gssvm;CPC.3.bin;49.5;0.3450966739654541;0.015966835021972613;0.736;0.9254545454545454;0.3403333333333333;0.7316428571428572;0.425;0.9533333333333333;0.6575;0.9847368421052631;0.0;49.5
fmri_visual_abcd_model;gssvm;GOS-E.12.bin;49.5;0.6870185375213623;0.03138974905014033;0.597;0.8886363636363636;0.5831785714285714;0.8770848734598735;0.536;0.8366666666666667;0.6252;0.9606666666666667;0.0;49.5
fmri_visual_abcd_model;gssvm;GOS-E.3.bin;49.5;0.3491786313056946;0.016250660419464068;0.595;0.7454545454545455;0.06807936507936507;0.36996320346320344;0.09333333333333332;0.33625;0.4614285714285714;0.8372321428571428;0.0;49.5
fmri_visual_abcd_model;gssvm;combined.outcome.12;49.5;0.347331600189209;0.01615625619888301;0.602;0.7822727272727273;0.10258333333333333;0.44418650793650793;0.14666666666666667;0.4375;0.42047619047619045;0.9030357142857143;0.0;49.5
fmri_visual_abcd_model;gssvm;combined.outcome.3;49.5;0.3399965333938599;0.015832092761993356;0.736;0.9254545454545454;0.3403333333333333;0.7316428571428572;0.425;0.9533333333333333;0.6575;0.9847368421052631;0.0;49.5
fmri_visual_abcd_model;gssvm;mRS.12.bin;49.5;0.676058759689331;0.03094629049301143;0.602;0.7822727272727273;0.10258333333333333;0.44418650793650793;0.14666666666666667;0.4375;0.42047619047619045;0.9030357142857143;0.0;49.5
fmri_visual_abcd_model;gssvm;mRS.3.bin;49.5;0.4235766196250916;0.01928553581237788;0.736;0.9254545454545454;0.3403333333333333;0.7316428571428572;0.425;0.9533333333333333;0.6575;0.9847368421052631;0.0;49.5
fmri_visual_abcd_model;rf;CPC.12.bin;49.5;0.2866206669807434;0.10357423782348629;0.493;1.0;0.3168809523809524;1.0;0.1925;1.0;0.40104166666666663;1.0;0.0;49.5
fmri_visual_abcd_model;rf;CPC.3.bin;49.5;0.5696552157402038;0.20829369306564327;0.791;1.0;0.0;1.0;0.0;1.0;0.69375;1.0;0.0;49.5
fmri_visual_abcd_model;rf;GOS-E.12.bin;49.5;0.5443904829025269;0.19915927171707148;0.531;1.0;0.5265515873015874;1.0;0.662;1.0;0.5124;1.0;0.0;49.5
fmri_visual_abcd_model;rf;GOS-E.3.bin;49.5;0.5272448134422302;0.19435368537902828;0.625;1.0;0.32516666666666666;1.0;0.26666666666666666;1.0;0.4995238095238095;1.0;0.0;49.5
fmri_visual_abcd_model;rf;combined.outcome.12;49.5;0.39427091121673585;0.12742580652236934;0.592;1.0;0.13166666666666665;1.0;0.09333333333333332;1.0;0.34857142857142853;1.0;0.0;49.5
fmri_visual_abcd_model;rf;combined.outcome.3;49.5;0.3749523186683655;0.1213997650146484;0.794;1.0;0.01;1.0;0.005;1.0;0.6903125;1.0;0.0;49.5
fmri_visual_abcd_model;rf;mRS.12.bin;49.5;0.29072508096694943;0.10567481517791745;0.596;1.0;0.124;1.0;0.08666666666666666;1.0;0.34238095238095234;1.0;0.0;49.5
fmri_visual_abcd_model;rf;mRS.3.bin;49.5;0.3673267483711243;0.12071178197860713;0.792;1.0;0.0;1.0;0.0;1.0;0.6971875;1.0;0.0;49.5
model;gsrf;CPC.12.bin;49.5;53.50770291566849;0.07921110868453975;0.5519047619047619;0.7510638297872341;0.4078241725594667;0.7286410204735215;0.3325;0.5872222222222222;0.5430288461538462;0.8383333333333333;0.0;49.5
model;gsrf;CPC.3.bin;49.5;54.167923529148105;0.0767956972122192;0.6042857142857143;0.7127659574468085;0.32195578033078026;0.4743750743088642;0.612;0.8733333333333333;0.6585625;0.8144642857142856;0.0;49.5
model;gsrf;GOS-E.12.bin;49.5;70.51365388393403;0.11109064340591425;0.45809523809523806;0.6706382978723404;0.4709600660777131;0.7133492650980982;0.40454545454545454;0.62;0.5037727272727273;0.7554800724637681;0.0;49.5
model;gsrf;GOS-E.3.bin;49.5;92.68520068883896;0.15623641252517698;0.540952380952381;0.6927659574468085;0.4280401012386307;0.5576344462873518;0.59625;0.8252941176470588;0.5772596153846153;0.8040882352941177;0.0;49.5
model;gsrf;combined.outcome.12;49.5;52.941705467700956;0.07664155960083004;0.6042857142857142;0.7314893617021276;0.4188961038961039;0.6969616615891951;0.3071428571428571;0.5311764705882352;0.5403571428571429;0.8043627450980392;0.0;49.5
model;gsrf;combined.outcome.3;49.5;66.80061414957046;0.10759575366973874;0.6057142857142856;0.7087234042553192;0.3226496142746143;0.47007388786467835;0.618;0.8683333333333333;0.6623125000000001;0.8166547619047618;0.0;49.5
model;gsrf;mRS.12.bin;49.5;67.180243537426;0.10996124267578121;0.5319047619047619;0.731063829787234;0.37768484293484295;0.7120619019119698;0.2675;0.5405555555555556;0.47033653846153844;0.8059961685823755;0.0;49.5
model;gsrf;mRS.3.bin;49.5;54.97696605920792;0.07697711229324336;0.6157142857142857;0.7029787234042553;0.4051502941502942;0.4877417255405673;0.6333333333333333;0.8407692307692308;0.6361111111111112;0.8083031674208145;0.0;49.5
model;gssvm;CPC.12.bin;49.5;0.3858272886276245;0.017250635623931834;0.5909523809523809;0.6331914893617021;0.46589012376512373;0.522881236117671;0.575;0.6216666666666666;0.6345192307692308;0.6873563218390806;0.0;49.5
model;gssvm;CPC.3.bin;49.5;0.3773257827758789;0.017102708816528273;0.7261904761904762;0.7174468085106384;0.024459318459318452;0.029960240704921554;0.084;0.0875;0.6984999999999999;0.7038571428571428;0.0;49.5
model;gssvm;GOS-E.12.bin;49.5;0.3815723991394043;0.017103481292724564;0.5457142857142857;0.5857446808510638;0.47259146409146413;0.4929439337953226;0.4336363636363636;0.48;0.5874545454545455;0.6269927536231884;0.0;49.5
model;gssvm;GOS-E.3.bin;49.5;0.381881046295166;0.017241320610046337;0.59;0.6061702127659574;0.4765956543456543;0.4755258575802517;0.68625;0.7205882352941176;0.6003846153846154;0.6185882352941177;0.0;49.5
model;gssvm;combined.outcome.12;49.5;0.30431702613830564;0.014041087627410836;0.5861904761904762;0.6338297872340426;0.4184665473415473;0.4964386747613826;0.5771428571428571;0.6358823529411766;0.6341836734693878;0.6793137254901961;0.0;49.5
model;gssvm;combined.outcome.3;49.5;0.37967629432678224;0.017206139564514115;0.7261904761904762;0.7174468085106384;0.024459318459318452;0.029960240704921554;0.084;0.0875;0.6984999999999999;0.7038571428571428;0.0;49.5
model;gssvm;mRS.12.bin;49.5;0.38156437397003173;0.017159438133239703;0.5476190476190476;0.5948936170212766;0.42790268065268067;0.4834696139473164;0.56;0.6205555555555555;0.5641346153846154;0.6263793103448275;0.0;49.5
model;gssvm;mRS.3.bin;49.5;0.3805356550216675;0.017316281795501657;0.7071428571428572;0.723404255319149;0.009719887955182072;0.015;0.02333333333333333;0.026153846153846153;0.6759999999999999;0.6702941176470588;0.0;49.5
model;rf;CPC.12.bin;49.5;0.39347105026245116;0.12594566822051997;0.6061904761904762;1.0;0.47093975468975463;1.0;0.38875;1.0;0.5451442307692307;1.0;0.0;49.5
model;rf;CPC.3.bin;49.5;0.3950313663482666;0.1299018812179565;0.6895238095238095;1.0;0.2794098124098124;1.0;0.2;1.0;0.6534375;1.0;0.0;49.5
model;rf;GOS-E.12.bin;49.5;0.5459556126594544;0.19885406017303464;0.4519047619047619;1.0;0.4741792096792096;1.0;0.42999999999999994;1.0;0.44145454545454543;1.0;0.0;49.5
model;rf;GOS-E.3.bin;49.5;0.5556787800788879;0.20546830177307127;0.5704761904761905;1.0;0.4299206349206349;1.0;0.31625;1.0;0.5757211538461537;1.0;0.0;49.5
model;rf;combined.outcome.12;49.5;0.5526257038116456;0.2010791182518005;0.6404761904761905;1.0;0.4633730158730159;1.0;0.3414285714285714;1.0;0.5451020408163265;1.0;0.0;49.5
model;rf;combined.outcome.3;49.5;0.39240559816360476;0.12754353284835812;0.6904761904761905;1.0;0.2694761904761905;1.0;0.19400000000000003;1.0;0.6535625;1.0;0.0;49.5
model;rf;mRS.12.bin;49.5;0.39627408742904663;0.12814722061157224;0.5785714285714285;1.0;0.4517886002886003;1.0;0.325;1.0;0.5077884615384616;1.0;0.0;49.5
model;rf;mRS.3.bin;49.5;0.29006326436996455;0.10564084529876705;0.6847619047619048;1.0;0.44660317460317456;1.0;0.2766666666666666;1.0;0.6215555555555556;1.0;0.0;49.5
visual;gsrf;CPC.12.bin;49.5;41.27141574144363;0.06935467958450313;0.6325;0.6598113207547169;0.5851484348984348;0.6640512651451439;0.439;0.4591304347826087;0.5925;0.6684057971014492;0.0;49.5
visual;gsrf;CPC.3.bin;49.5;40.85217106342316;0.06274724960327144;0.6216666666666666;0.650377358490566;0.4314942089214535;0.48068916674325807;0.5185714285714286;0.58125;0.6659663865546218;0.6800591216216216;0.0;49.5
visual;gsrf;GOS-E.12.bin;49.5;41.819420654773715;0.05970283508300777;0.5970833333333334;0.6164150943396226;0.8555703463203463;0.8509493863979158;0.37714285714285706;0.39199999999999996;0.6134285714285714;0.6742173913043479;0.0;49.5
visual;gsrf;GOS-E.3.bin;49.5;72.16677974700927;0.14202470541000362;0.56;0.6269811320754717;0.47359307359307357;0.577779389854123;0.35;0.41454545454545455;0.49674999999999997;0.6205058651026393;0.0;49.5
visual;gsrf;combined.outcome.12;49.5;40.63047962903976;0.06127512454986568;0.6558333333333333;0.6854716981132075;0.6309224802974803;0.6496644268312163;0.45399999999999996;0.4699999999999999;0.6503214285714286;0.6974330357142857;0.0;49.5
visual;gsrf;combined.outcome.3;49.5;40.857154743671416;0.06249394893646236;0.6275;0.6543396226415094;0.4350084110935504;0.48210365911363273;0.5128571428571429;0.569375;0.6715966386554623;0.6789273648648648;0.0;49.5
visual;gsrf;mRS.12.bin;49.5;41.69229768753052;0.06642746210098262;0.6270833333333333;0.6673584905660377;0.5691600616445818;0.6687394850468178;0.46399999999999997;0.49173913043478257;0.6556428571428572;0.6812173913043479;0.0;49.5
visual;gsrf;mRS.3.bin;49.5;42.11148808717728;0.06535728454589838;0.6345833333333334;0.6671698113207547;0.47779493464052286;0.5026797663500809;0.41125;0.47882352941176465;0.6224609375;0.6583823529411765;0.0;49.5
visual;gssvm;CPC.12.bin;49.5;0.3150568437576294;0.014567339420318556;0.5633333333333334;0.570566037735849;0.08250246940881616;0.11702130839443135;0.084;0.12347826086956522;0.5404642857142857;0.5788043478260869;0.0;49.5
visual;gssvm;CPC.3.bin;49.5;0.31150572061538695;0.01449451446533198;0.6266666666666667;0.6364150943396226;0.13670502012607277;0.1586381743863336;0.2814285714285714;0.288125;0.6697899159663865;0.6600929054054054;0.0;49.5
visual;gssvm;GOS-E.12.bin;49.5;0.5872096562385559;0.02690074920654292;0.5733333333333334;0.5960377358490566;0.6552613596301845;0.6702135539132883;0.7192857142857143;0.74;0.6512857142857144;0.6503985507246377;0.0;49.5
visual;gssvm;GOS-E.3.bin;49.5;0.5970380020141601;0.027230081558227492;0.4404166666666666;0.46452830188679245;0.39219607843137255;0.44263900533995904;0.805;0.8336363636363636;0.50425;0.562800586510264;0.0;49.5
visual;gssvm;combined.outcome.12;49.5;0.312762279510498;0.01451453447341914;0.5595833333333333;0.5928301886792453;0.2722937239489097;0.3248937263952292;0.26;0.29523809523809524;0.5441071428571429;0.5775744047619047;0.0;49.5
visual;gssvm;combined.outcome.3;49.5;0.6141221189498901;0.028344011306762652;0.6266666666666667;0.6364150943396226;0.13670502012607277;0.1586381743863336;0.2814285714285714;0.288125;0.6697899159663865;0.6600929054054054;0.0;49.5
visual;gssvm;mRS.12.bin;49.5;0.5969746661186218;0.02745831966400142;0.5695833333333333;0.5752830188679244;0.0880999066293184;0.1355621106549629;0.068;0.09695652173913043;0.46149999999999997;0.5516376811594202;0.0;49.5
visual;gssvm;mRS.3.bin;49.5;0.31421714067459106;0.014478595256805364;0.3779166666666666;0.38660377358490555;0.34052069456171624;0.3558603629202639;0.89125;0.9241176470588235;0.6247265625;0.6360539215686275;0.0;49.5
visual;rf;CPC.12.bin;49.5;0.2838477349281311;0.10327925443649287;0.61625;0.6745283018867925;0.5485196421225833;0.6621614245657724;0.47100000000000003;0.538695652173913;0.6393928571428571;0.6858695652173913;0.0;49.5
visual;rf;CPC.3.bin;49.5;0.2848402619361877;0.10535754919052119;0.67875;0.7235849056603773;0.2112121212121212;0.5881423837600308;0.18999999999999997;0.294375;0.6667226890756303;0.6998902027027027;0.0;49.5
visual;rf;GOS-E.12.bin;49.5;0.5594691824913025;0.2034133696556091;0.54625;0.6447169811320754;0.6981515120567652;0.7663645936395821;0.4842857142857142;0.5986666666666667;0.6104285714285714;0.6966594202898552;0.0;49.5
visual;rf;GOS-E.3.bin;49.5;0.28284949541091914;0.10276760816574093;0.5529166666666666;0.6349056603773584;0.4108490398490398;0.6196755625930067;0.28800000000000003;0.39;0.5147499999999999;0.6332624633431085;0.0;49.5
visual;rf;combined.outcome.12;49.5;0.2826919317245483;0.10377893209457394;0.6454166666666667;0.6986792452830188;0.5995781024531024;0.6442431923634913;0.512;0.5647619047619048;0.6631428571428571;0.7109672619047619;0.0;49.5
visual;rf;combined.outcome.3;49.5;0.5633994221687317;0.2060712051391601;0.67875;0.7235849056603773;0.2012121212121212;0.5685269991446462;0.1857142857142857;0.28375;0.6611344537815126;0.7001435810810811;0.0;49.5
visual;rf;mRS.12.bin;49.5;0.28298628568649287;0.10152283191680903;0.6216666666666666;0.6777358490566037;0.561867187851708;0.6602146889508143;0.511;0.5543478260869565;0.6381785714285715;0.6893550724637681;0.0;49.5
visual;rf;mRS.3.bin;49.5;0.2812474942207336;0.10105526685714716;0.6395833333333333;0.7032075471698113;0.19192857142857142;0.6672681199519436;0.155;0.25176470588235295;0.6175390625;0.6728839869281046;0.0;49.5
visual_abcd;gsrf;CPC.12.bin;49.5;53.559777660369875;0.07748267889022822;0.6505;0.728695652173913;0.6630386002886003;0.7295257086809482;0.5011111111111111;0.609;0.6898989898989899;0.7610096153846153;0.0;49.5
visual_abcd;gsrf;CPC.3.bin;49.5;92.17527230501175;0.15439033508300778;0.6325;0.7095652173913044;0.41325496725496724;0.5335047573696551;0.4666666666666666;0.595;0.5923809523809523;0.7209821428571429;0.0;49.5
visual_abcd;gsrf;GOS-E.12.bin;49.5;70.32493683099747;0.10955249309539791;0.6485;0.7163043478260869;0.7917203213453213;0.8287338989791424;0.6033333333333334;0.6469230769230769;0.7314583333333333;0.7784711538461537;0.0;49.5
visual_abcd;gsrf;GOS-E.3.bin;49.5;53.09113273143768;0.07649183750152583;0.5225;0.6532608695652173;0.3881500999000999;0.6193344651520063;0.365;0.562;0.51375;0.6966346153846154;0.0;49.5
visual_abcd;gsrf;combined.outcome.12;49.5;52.85796115875244;0.07749840021133418;0.6970000000000001;0.7547826086956522;0.6449481074481075;0.7264037909216163;0.5825;0.6631578947368421;0.7140625;0.7839961013645224;0.0;49.5
visual_abcd;gsrf;combined.outcome.3;49.5;53.48448824644089;0.07353300094604488;0.6275;0.7078260869565217;0.407627886002886;0.5310403762501589;0.475;0.5964285714285714;0.5885714285714285;0.7157589285714286;0.0;49.5
visual_abcd;gsrf;mRS.12.bin;49.5;66.9358991575241;0.10628085613250729;0.675;0.7380434782608696;0.602840909090909;0.7344941330972762;0.505;0.63;0.6986458333333333;0.7711730769230769;0.0;49.5
visual_abcd;gsrf;mRS.3.bin;49.5;67.30146781682969;0.11468659400939937;0.586;0.6684782608695652;0.42964374187903603;0.5076486887561793;0.4214285714285714;0.5379999999999999;0.514120879120879;0.6730645161290323;0.0;49.5
visual_abcd;gssvm;CPC.12.bin;49.5;0.4014038252830505;0.018302032947540237;0.5735;0.638695652173913;0.6231866744366744;0.6793429226504825;0.24;0.3395;0.6133838383838384;0.6628942307692307;0.0;49.5
visual_abcd;gssvm;CPC.3.bin;49.5;0.39519556760787966;0.01804569244384761;0.5865;0.6630434782608695;0.3683288593931009;0.4705176609759318;0.5433333333333333;0.6564285714285714;0.6411904761904762;0.6948883928571429;0.0;49.5
visual_abcd;gssvm;GOS-E.12.bin;49.5;0.32869122982025145;0.015181515216827346;0.6315;0.6784782608695652;0.7318604802060684;0.7450111595564263;0.6358333333333334;0.6842307692307692;0.6815625;0.7151634615384616;0.0;49.5
visual_abcd;gssvm;GOS-E.3.bin;49.5;0.31844944715499873;0.014757721424102739;0.545;0.5784782608695651;0.1039098124098124;0.22909073829404047;0.12;0.183;0.38140625;0.5624423076923076;0.0;49.5
visual_abcd;gssvm;combined.outcome.12;49.5;0.3170630049705505;0.01467144250869746;0.6204999999999999;0.6658695652173913;0.5821665972915973;0.7143458729494978;0.325;0.41210526315789475;0.59796875;0.6531189083820662;0.0;49.5
visual_abcd;gssvm;combined.outcome.3;49.5;0.6612860584259033;0.029918947219848585;0.5865;0.6630434782608695;0.3683288593931009;0.4705176609759318;0.5433333333333333;0.6564285714285714;0.6411904761904762;0.6948883928571429;0.0;49.5
visual_abcd;gssvm;mRS.12.bin;49.5;0.3984603762626648;0.018044266700744584;0.61;0.6469565217391304;0.5611159951159951;0.7010380834487733;0.2375;0.3615;0.6008854166666666;0.6569903846153846;0.0;49.5
visual_abcd;gssvm;mRS.3.bin;49.5;0.3218421673774719;0.014848592281341506;0.4075;0.4404347826086956;0.3474023199023199;0.3921777559803179;0.81;0.8793333333333334;0.5761538461538461;0.6456666666666666;0.0;49.5
visual_abcd;rf;CPC.12.bin;49.5;0.28859473943710323;0.10561692714691158;0.665;0.7610869565217391;0.6693290598290598;0.7821529362065672;0.5411111111111111;0.6395000000000001;0.6642424242424242;0.8080096153846154;0.0;49.5
visual_abcd;rf;CPC.3.bin;49.5;0.291009726524353;0.10688289642333981;0.6225;0.7530434782608695;0.25203174603174605;0.7056548509745442;0.215;0.4257142857142857;0.6057142857142856;0.805513392857143;0.0;49.5
visual_abcd;rf;GOS-E.12.bin;49.5;0.2857990884780883;0.10469711303710934;0.633;0.745;0.7626404958130965;0.8569097617348141;0.6016666666666667;0.6776923076923077;0.6948958333333333;0.8161826923076922;0.0;49.5
visual_abcd;rf;GOS-E.3.bin;49.5;0.2867805910110473;0.10279862403869626;0.5315;0.6908695652173913;0.40326265401265404;0.7027999571488398;0.36;0.546;0.5502083333333334;0.7601153846153846;0.0;49.5
visual_abcd;rf;combined.outcome.12;49.5;0.39796072483062744;0.13061762809753413;0.6990000000000001;0.7856521739130434;0.6377965922965924;0.7732723268976129;0.59125;0.6931578947368421;0.7534895833333333;0.8481091617933723;0.0;49.5
visual_abcd;rf;combined.outcome.3;49.5;0.39858972549438476;0.13184670686721797;0.6235;0.7530434782608695;0.2824343434343434;0.6665297455812161;0.25666666666666665;0.4535714285714285;0.606845238095238;0.8052901785714286;0.0;49.5
visual_abcd;rf;mRS.12.bin;49.5;0.5757218742370606;0.20958081722259517;0.6920000000000001;0.7741304347826088;0.6437377344877345;0.7827204939318918;0.55625;0.674;0.6899479166666667;0.8295288461538461;0.0;49.5
visual_abcd;rf;mRS.3.bin;49.5;0.2859432482719421;0.10469749450683591;0.6015;0.7528260869565218;0.360787518037518;0.7296025224775226;0.26428571428571423;0.45733333333333337;0.6134615384615385;0.8034731182795699;0.0;49.5
visual_abcd_model;gsrf;CPC.12.bin;49.5;64.1370678806305;0.07661918401718135;0.6688888888888889;0.89625;0.6476093073593073;0.9241283724445489;0.44714285714285706;0.805625;0.7098701298701299;0.9523828125;0.0;49.5
visual_abcd_model;gsrf;CPC.3.bin;49.5;64.9171675658226;0.07218705177307125;0.6261111111111112;0.90825;0.23282187257187256;0.81165667617855;0.3375;0.963;0.6814285714285714;0.9539833333333334;0.0;49.5
visual_abcd_model;gsrf;GOS-E.12.bin;49.5;65.71469678640365;0.07074582576751705;0.5822222222222222;0.8552500000000001;0.5992204184704185;0.9004281561370234;0.5433333333333333;0.8138095238095238;0.652283950617284;0.9256766917293233;0.0;49.5
visual_abcd_model;gsrf;GOS-E.3.bin;49.5;83.12818900346755;0.11600004911422726;0.5105555555555555;0.8165;0.3739453046953047;0.757377391192013;0.40857142857142853;0.8313333333333333;0.4988961038961039;0.8920399999999999;0.0;49.5
visual_abcd_model;gsrf;combined.outcome.12;49.5;64.72103108882904;0.07831137180328365;0.6566666666666667;0.863;0.6028095238095238;0.8723153513153512;0.37285714285714283;0.7142857142857143;0.6803246753246753;0.9345604395604395;0.0;49.5
visual_abcd_model;gsrf;combined.outcome.3;49.5;65.27726344585419;0.07889919281005855;0.633888888888889;0.91675;0.23640073815073814;0.8220140843362677;0.3175;0.966;0.6823214285714286;0.9612833333333333;0.0;49.5
visual_abcd_model;gsrf;mRS.12.bin;49.5;65.76132866859436;0.0738538002967834;0.6522222222222223;0.86125;0.5918373015873015;0.8900867188367187;0.3985714285714285;0.7193333333333334;0.640974025974026;0.9296133333333333;0.0;49.5
visual_abcd_model;gsrf;mRS.3.bin;49.5;65.79609463453293;0.07756623506546016;0.6355555555555555;0.9420000000000001;0.32169264069264064;0.8795001705268901;0.3;0.9754545454545455;0.6338461538461538;0.9765517241379311;0.0;49.5
visual_abcd_model;gssvm;CPC.12.bin;49.5;0.33290141105651855;0.015175218582153274;0.6716666666666667;0.731;0.641452380952381;0.7171698401787411;0.4771428571428571;0.58;0.729090909090909;0.7865885416666667;0.0;49.5
visual_abcd_model;gssvm;CPC.3.bin;49.5;0.3260423016548157;0.014860467910766553;0.6466666666666667;0.7340000000000001;0.3558439615939616;0.4928855291628848;0.65;0.8370000000000001;0.6903571428571428;0.8021666666666667;0.0;49.5
visual_abcd_model;gssvm;GOS-E.12.bin;49.5;0.3259972047805786;0.01484827995300288;0.6161111111111112;0.69;0.6133724053724054;0.7240856420822265;0.5611111111111111;0.6319047619047619;0.6877777777777777;0.7516290726817043;0.0;49.5
visual_abcd_model;gssvm;GOS-E.3.bin;49.5;0.41450986623764036;0.018314354419708204;0.5961111111111111;0.62775;0.013643939393939392;0.032673232323232326;0.019999999999999997;0.03933333333333333;0.4736363636363636;0.6287466666666667;0.0;49.5
visual_abcd_model;gssvm;combined.outcome.12;49.5;0.6739177346229553;0.03008067369461055;0.5261111111111112;0.58175;0.4727885872297637;0.5227987002516543;0.6657142857142857;0.79;0.6364935064935064;0.7541483516483517;0.0;49.5
visual_abcd_model;gssvm;combined.outcome.3;49.5;0.33196991205215454;0.015109279155731155;0.6466666666666667;0.7340000000000001;0.3558439615939616;0.4928855291628848;0.65;0.8370000000000001;0.6903571428571428;0.8021666666666667;0.0;49.5
visual_abcd_model;gssvm;mRS.12.bin;49.5;0.3363873553276062;0.015251324176788279;0.6072222222222222;0.69975;0.38860822510822507;0.49814340716043504;0.28714285714285714;0.4346666666666667;0.6503896103896103;0.7444;0.0;49.5
visual_abcd_model;gssvm;mRS.3.bin;49.5;0.6734874510765075;0.030454819202423048;0.3138888888888889;0.322;0.27674603174603174;0.28751754385964917;0.922;0.9390909090909091;0.6815384615384616;0.7133542319749216;0.0;49.5
visual_abcd_model;rf;CPC.12.bin;49.5;0.5456557512283325;0.20050756931304928;0.6816666666666668;1.0;0.6523037518037518;1.0;0.4857142857142857;1.0;0.7342207792207792;1.0;0.0;49.5
visual_abcd_model;rf;CPC.3.bin;49.5;0.2862575840950012;0.10133714914321895;0.7038888888888889;1.0;0.2410793650793651;1.0;0.1825;1.0;0.6932142857142857;1.0;0.0;49.5
visual_abcd_model;rf;GOS-E.12.bin;49.5;0.2898327016830444;0.103429901599884;0.6266666666666666;1.0;0.6335419302919303;1.0;0.6355555555555555;1.0;0.6769135802469135;1.0;0.0;49.5
visual_abcd_model;rf;GOS-E.3.bin;49.5;0.29030371665954585;0.10448709964752194;0.5533333333333333;1.0;0.41355086580086575;1.0;0.34285714285714286;1.0;0.5262337662337662;1.0;0.0;49.5
visual_abcd_model;rf;combined.outcome.12;49.5;0.29164768218994136;0.10509341239929196;0.6544444444444444;1.0;0.5950119047619047;1.0;0.3914285714285714;1.0;0.7116233766233766;1.0;0.0;49.5
visual_abcd_model;rf;combined.outcome.3;49.5;0.2920428085327148;0.10588889360427851;0.7077777777777777;1.0;0.2533968253968254;1.0;0.19;1.0;0.6976785714285714;1.0;0.0;49.5
visual_abcd_model;rf;mRS.12.bin;49.5;0.561512987613678;0.2048373413085937;0.6494444444444444;1.0;0.571265873015873;1.0;0.4099999999999999;1.0;0.6557142857142857;1.0;0.0;49.5
visual_abcd_model;rf;mRS.3.bin;49.5;0.29359802961349485;0.1067848944664001;0.6866666666666668;1.0;0.4005119047619048;1.0;0.23199999999999998;1.0;0.6338461538461538;1.0;0.0;49.5
visual_abcd_resting;gsrf;CPC.12.bin;49.5;69.91490658044815;0.0820801472663879;0.6579999999999999;0.9531818181818181;0.5911735209235209;0.9530065532592623;0.49375;0.9352631578947368;0.6732291666666668;0.9758736842105263;0.0;49.5
visual_abcd_resting;gsrf;CPC.3.bin;49.5;117.15119932413101;0.15751324653625484;0.7390000000000001;0.979090909090909;0.6559920634920635;0.9550334077687019;0.3583333333333333;0.9791666666666667;0.7896428571428571;0.9921614583333332;0.0;49.5
visual_abcd_resting;gsrf;GOS-E.12.bin;49.5;68.7784448504448;0.08185046195983883;0.5645;0.9072727272727273;0.599125677427148;0.9363156406788739;0.6672727272727274;0.8976000000000001;0.581919191919192;0.950442105263158;0.0;49.5
visual_abcd_resting;gsrf;GOS-E.3.bin;49.5;68.73355863332749;0.07547660589218136;0.6829999999999999;0.9720454545454545;0.6695276529026529;0.9604796245243815;0.51125;0.9761111111111112;0.725625;0.9870726495726495;0.0;49.5
visual_abcd_resting;gsrf;combined.outcome.12;49.5;88.22065078735352;0.11245069503784176;0.7040000000000001;0.9618181818181819;0.6788560051060051;0.9541447098652981;0.55;0.9476470588235294;0.74140625;0.982004357298475;0.0;49.5
visual_abcd_resting;gsrf;combined.outcome.3;49.5;91.41087890386581;0.12051748514175412;0.7404999999999999;0.9815909090909091;0.6520396825396826;0.9596655844155845;0.37;0.9833333333333333;0.7942261904761905;0.993203125;0.0;49.5
visual_abcd_resting;gsrf;mRS.12.bin;49.5;68.95573709726334;0.0851506900787353;0.6845;0.9527272727272728;0.6340990120990121;0.9419737975732558;0.5575;0.9455555555555556;0.71671875;0.9784188034188034;0.0;49.5
visual_abcd_resting;gsrf;mRS.3.bin;49.5;69.32988692045211;0.07819281101226802;0.7195;0.9788636363636364;0.5897200577200578;0.9597486653353526;0.3683333333333333;0.9857142857142857;0.7483333333333333;0.9910238095238095;0.0;49.5
visual_abcd_resting;gssvm;CPC.12.bin;49.5;0.4968641138076782;0.021948854923248252;0.6415000000000001;0.8825;0.5555826673326674;0.8839866274506367;0.55125;0.8347368421052631;0.6670833333333333;0.9273263157894737;0.0;49.5
visual_abcd_resting;gssvm;CPC.3.bin;49.5;0.4944929146766663;0.022069985866546585;0.657;0.9052272727272727;0.43644191919191916;0.8054680631116389;0.4833333333333333;0.9016666666666667;0.7084523809523808;0.9520572916666667;0.0;49.5
visual_abcd_resting;gssvm;GOS-E.12.bin;49.5;0.3892383623123169;0.01764533519744868;0.5665;0.8738636363636364;0.61236278998779;0.9472688256706228;0.5763636363636363;0.8228;0.5957575757575758;0.9282947368421053;0.0;49.5
visual_abcd_resting;gssvm;GOS-E.3.bin;49.5;0.3881917095184326;0.017559375762939408;0.5975;0.8618181818181818;0.5050634234186866;0.8401641398118564;0.52;0.8422222222222223;0.6184375;0.9116025641025641;0.0;49.5
visual_abcd_resting;gssvm;combined.outcome.12;49.5;0.3946795153617859;0.01802851915359492;0.6385000000000001;0.8952272727272728;0.558685508935509;0.8688302793525703;0.56625;0.8788235294117647;0.6905208333333333;0.9405446623093683;0.0;49.5
visual_abcd_resting;gssvm;combined.outcome.3;49.5;0.7988389563560486;0.035878851413726764;0.657;0.9052272727272727;0.43644191919191916;0.8054680631116389;0.4833333333333333;0.9016666666666667;0.7084523809523808;0.9520572916666667;0.0;49.5
visual_abcd_resting;gssvm;mRS.12.bin;49.5;0.5045067477226257;0.02253665924072261;0.655;0.8861363636363636;0.5836206016206016;0.8668270288363168;0.58125;0.8527777777777777;0.6934375;0.9353418803418804;0.0;49.5
visual_abcd_resting;gssvm;mRS.3.bin;49.5;0.4944961762428284;0.022276694774627636;0.45549999999999996;0.6411363636363636;0.3463315295815296;0.6141171612185544;0.7316666666666667;0.9742857142857143;0.682142857142857;0.8828333333333334;0.0;49.5
visual_abcd_resting;rf;CPC.12.bin;49.5;0.3080489373207092;0.10937905788421627;0.6665000000000001;1.0;0.6099642857142857;1.0;0.50875;1.0;0.6798958333333333;1.0;0.0;49.5
visual_abcd_resting;rf;CPC.3.bin;49.5;0.30000462293624874;0.10470867156982418;0.7334999999999999;1.0;0.6336666666666667;1.0;0.345;1.0;0.7602976190476189;1.0;0.0;49.5
visual_abcd_resting;rf;GOS-E.12.bin;49.5;0.3071655702590942;0.10812147378921505;0.55;1.0;0.5783242239786357;1.0;0.6963636363636364;1.0;0.5897474747474747;1.0;0.0;49.5
visual_abcd_resting;rf;GOS-E.3.bin;49.5;0.3016052412986755;0.1045507740974426;0.6755;1.0;0.6522139249639249;1.0;0.47375;1.0;0.7241666666666667;1.0;0.0;49.5
visual_abcd_resting;rf;combined.outcome.12;49.5;0.41872357606887817;0.12990356922149654;0.6990000000000001;1.0;0.6713863636363636;1.0;0.555;1.0;0.74875;1.0;0.0;49.5
visual_abcd_resting;rf;combined.outcome.3;49.5;0.3010641479492187;0.1056967735290527;0.74;1.0;0.6620238095238095;1.0;0.3466666666666666;1.0;0.761547619047619;1.0;0.0;49.5
visual_abcd_resting;rf;mRS.12.bin;49.5;0.6008861041069031;0.2119482612609863;0.6884999999999999;1.0;0.6423595293595293;1.0;0.56;1.0;0.7161979166666668;1.0;0.0;49.5
visual_abcd_resting;rf;mRS.3.bin;49.5;0.301824460029602;0.10824199676513668;0.711;1.0;0.5870198412698412;1.0;0.34333333333333327;1.0;0.7258333333333333;1.0;0.0;49.5
